EXPORT_COUNTER,ZERO,ONE,CRC,FLOWMON_STARTUP_TIME_SEC,FLOWMON_STARTUP_TIME_MSEC,FLOWMON_STARTUP_TIME_USEC,FLOWMON_STARTUP_TIME_NSEC,BYTES,PACKETS,START_SEC,START_MSEC,START_USEC,START_NSEC,END_SEC,END_MSEC,END_USEC,END_NSEC,INPUT_INTERFACE,QUEUE_ID,FLAG_FLUSH,L3_PROTO,L4_PROTO,BYTES_A,PACKETS_A,START_SEC_A,START_MSEC_A,START_USEC_A,START_NSEC_A,END_SEC_A,END_MSEC_A,END_USEC_A,END_NSEC_A,BYTES_B,PACKETS_B,START_SEC_B,START_MSEC_B,START_USEC_B,START_NSEC_B,END_SEC_B,END_MSEC_B,END_USEC_B,END_NSEC_B,L3_IPV4_SRC,L3_IPV4_DST,L3_IPV6_SRC,L3_IPV6_DST,L4_TCP_FLAGS,L4_TCP_FLAGS_A,L4_TCP_FLAGS_B,L4_PORT_SRC,L4_PORT_DST,L4_ICMP_TYPE_CODE,FLAG_MISC,SAMPLING_RATE,SAMPLING_ALGORITHM,MODBUS_UNIT_ID,MODBUS_READ_REQUESTS,MODBUS_WRITE_REQUESTS,MODBUS_DIAGNOSTIC_REQUESTS,MODBUS_OTHER_REQUESTS,MODBUS_UNDEFINED_REQUESTS,MODBUS_SUCCESS_RESPONSES,MODBUS_ERROR_RESPONSES
0,0,1,13920788356166867241,2023-03-30 21:19:27.844340841,2023-03-30 21:19:27.844340841,2023-03-30 21:19:27.844340841,2023-03-30 21:19:27.844340841,178,3,2023-03-30 21:19:34.931021668,2023-03-30 21:19:34.931021668,2023-03-30 21:19:34.931021668,2023-03-30 21:19:34.931021668,2023-03-30 21:19:34.971941639,2023-03-30 21:19:34.971941639,2023-03-30 21:19:34.971941639,2023-03-30 21:19:34.971941639,0,0,5,4,6,92,2,2023-03-30 21:19:34.931021668,2023-03-30 21:19:34.931021668,2023-03-30 21:19:34.931021668,2023-03-30 21:19:34.931021668,2023-03-30 21:19:34.971941639,2023-03-30 21:19:34.971941639,2023-03-30 21:19:34.971941639,2023-03-30 21:19:34.971941639,50,1,2023-03-30 21:19:34.931783429,2023-03-30 21:19:34.931783429,2023-03-30 21:19:34.931783429,2023-03-30 21:19:34.931783429,2023-03-30 21:19:34.931783429,2023-03-30 21:19:34.931783429,2023-03-30 21:19:34.931783429,2023-03-30 21:19:34.931783429,192.168.88.250,192.168.88.253,NIL,NIL,---AP---,---AP---,---AP---,50257,502,NIL,769,0,0,1,1,NIL,NIL,NIL,NIL,1,NIL
1,0,1,13920788356166867241,2023-03-30 21:19:27.844340841,2023-03-30 21:19:27.844340841,2023-03-30 21:19:27.844340841,2023-03-30 21:19:27.844340841,178,3,2023-03-30 21:19:47.613515588,2023-03-30 21:19:47.613515588,2023-03-30 21:19:47.613515588,2023-03-30 21:19:47.613515588,2023-03-30 21:19:47.655279499,2023-03-30 21:19:47.655279499,2023-03-30 21:19:47.655279499,2023-03-30 21:19:47.655279499,0,0,5,4,6,92,2,2023-03-30 21:19:47.613515588,2023-03-30 21:19:47.613515588,2023-03-30 21:19:47.613515588,2023-03-30 21:19:47.613515588,2023-03-30 21:19:47.655279499,2023-03-30 21:19:47.655279499,2023-03-30 21:19:47.655279499,2023-03-30 21:19:47.655279499,50,1,2023-03-30 21:19:47.614283251,2023-03-30 21:19:47.614283251,2023-03-30 21:19:47.614283251,2023-03-30 21:19:47.614283251,2023-03-30 21:19:47.614283251,2023-03-30 21:19:47.614283251,2023-03-30 21:19:47.614283251,2023-03-30 21:19:47.614283251,192.168.88.250,192.168.88.253,NIL,NIL,---AP---,---AP---,---AP---,50257,502,NIL,769,0,0,1,1,NIL,NIL,NIL,NIL,1,NIL
2,0,1,10927999869382910536,2023-03-30 21:19:27.844340841,2023-03-30 21:19:27.844340841,2023-03-30 21:19:27.844340841,2023-03-30 21:19:27.844340841,289,1,2023-03-30 21:19:55.455009341,2023-03-30 21:19:55.455009341,2023-03-30 21:19:55.455009341,2023-03-30 21:19:55.455009341,2023-03-30 21:19:55.455009341,2023-03-30 21:19:55.455009341,2023-03-30 21:19:55.455009341,2023-03-30 21:19:55.455009341,0,0,5,4,17,277,1,2023-03-30 21:19:55.455009341,2023-03-30 21:19:55.455009341,2023-03-30 21:19:55.455009341,2023-03-30 21:19:55.455009341,2023-03-30 21:19:55.455009341,2023-03-30 21:19:55.455009341,2023-03-30 21:19:55.455009341,2023-03-30 21:19:55.455009341,NIL,NIL,NIL,NIL,NIL,NIL,NIL,NIL,NIL,NIL,192.168.88.250,192.168.88.255,NIL,NIL,NIL,NIL,NIL,138,138,NIL,256,0,0,NIL,NIL,NIL,NIL,NIL,NIL,NIL,NIL
3,0,1,13920788356166867241,2023-03-30 21:19:27.844340841,2023-03-30 21:19:27.844340841,2023-03-30 21:19:27.844340841,2023-03-30 21:19:27.844340841,178,3,2023-03-30 21:20:00.286711935,2023-03-30 21:20:00.286711935,2023-03-30 21:20:00.286711935,2023-03-30 21:20:00.286711935,2023-03-30 21:20:00.328210616,2023-03-30 21:20:00.328210616,2023-03-30 21:20:00.328210616,2023-03-30 21:20:00.328210616,0,0,5,4,6,92,2,2023-03-30 21:20:00.286711935,2023-03-30 21:20:00.286711935,2023-03-30 21:20:00.286711935,2023-03-30 21:20:00.286711935,2023-03-30 21:20:00.328210616,2023-03-30 21:20:00.328210616,2023-03-30 21:20:00.328210616,2023-03-30 21:20:00.328210616,50,1,2023-03-30 21:20:00.287437885,2023-03-30 21:20:00.287437885,2023-03-30 21:20:00.287437885,2023-03-30 21:20:00.287437885,2023-03-30 21:20:00.287437885,2023-03-30 21:20:00.287437885,2023-03-30 21:20:00.287437885,2023-03-30 21:20:00.287437885,192.168.88.250,192.168.88.253,NIL,NIL,---AP---,---AP---,---AP---,50257,502,NIL,769,0,0,1,1,NIL,NIL,NIL,NIL,1,NIL
4,0,1,13920788356166867241,2023-03-30 21:19:27.844340841,2023-03-30 21:19:27.844340841,2023-03-30 21:19:27.844340841,2023-03-30 21:19:27.844340841,178,3,2023-03-30 21:20:12.969959868,2023-03-30 21:20:12.969959868,2023-03-30 21:20:12.969959868,2023-03-30 21:20:12.969959868,2023-03-30 21:20:13.011164170,2023-03-30 21:20:13.011164170,2023-03-30 21:20:13.011164170,2023-03-30 21:20:13.011164170,0,0,5,4,6,92,2,2023-03-30 21:20:12.969959868,2023-03-30 21:20:12.969959868,2023-03-30 21:20:12.969959868,2023-03-30 21:20:12.969959868,2023-03-30 21:20:13.011164170,2023-03-30 21:20:13.011164170,2023-03-30 21:20:13.011164170,2023-03-30 21:20:13.011164170,50,1,2023-03-30 21:20:12.970646311,2023-03-30 21:20:12.970646311,2023-03-30 21:20:12.970646311,2023-03-30 21:20:12.970646311,2023-03-30 21:20:12.970646311,2023-03-30 21:20:12.970646311,2023-03-30 21:20:12.970646311,2023-03-30 21:20:12.970646311,192.168.88.250,192.168.88.253,NIL,NIL,---AP---,---AP---,---AP---,50257,502,NIL,769,0,0,1,1,NIL,NIL,NIL,NIL,1,NIL
5,0,1,17087967661136001963,2023-03-30 21:19:27.844340841,2023-03-30 21:19:27.844340841,2023-03-30 21:19:27.844340841,2023-03-30 21:19:27.844340841,3360,60,2023-03-30 21:19:27.892797981,2023-03-30 21:19:27.892797981,2023-03-30 21:19:27.892797981,2023-03-30 21:19:27.892797981,2023-03-30 21:20:26.904685423,2023-03-30 21:20:26.904685423,2023-03-30 21:20:26.904685423,2023-03-30 21:20:26.904685423,0,0,4,4,17,2640,60,2023-03-30 21:19:27.892797981,2023-03-30 21:19:27.892797981,2023-03-30 21:19:27.892797981,2023-03-30 21:19:27.892797981,2023-03-30 21:20:26.904685423,2023-03-30 21:20:26.904685423,2023-03-30 21:20:26.904685423,2023-03-30 21:20:26.904685423,NIL,NIL,NIL,NIL,NIL,NIL,NIL,NIL,NIL,NIL,192.168.88.250,255.255.255.255,NIL,NIL,NIL,NIL,NIL,49667,21543,NIL,256,0,0,NIL,NIL,NIL,NIL,NIL,NIL,NIL,NIL
6,0,1,11273980985333914731,2023-03-30 21:19:27.844340841,2023-03-30 21:19:27.844340841,2023-03-30 21:19:27.844340841,2023-03-30 21:19:27.844340841,40654,674,2023-03-30 21:19:28.796323266,2023-03-30 21:19:28.796323266,2023-03-30 21:19:28.796323266,2023-03-30 21:19:28.796323266,2023-03-30 21:20:28.726941959,2023-03-30 21:20:28.726941959,2023-03-30 21:20:28.726941959,2023-03-30 21:20:28.726941959,0,0,4,4,6,14248,286,2023-03-30 21:19:28.796323266,2023-03-30 21:19:28.796323266,2023-03-30 21:19:28.796323266,2023-03-30 21:19:28.796323266,2023-03-30 21:20:28.726941959,2023-03-30 21:20:28.726941959,2023-03-30 21:20:28.726941959,2023-03-30 21:20:28.726941959,18318,388,2023-03-30 21:19:28.796939137,2023-03-30 21:19:28.796939137,2023-03-30 21:19:28.796939137,2023-03-30 21:19:28.796939137,2023-03-30 21:20:28.686558805,2023-03-30 21:20:28.686558805,2023-03-30 21:20:28.686558805,2023-03-30 21:20:28.686558805,192.168.88.250,192.168.88.252,NIL,NIL,---AP---,---AP---,---AP---,50256,502,NIL,769,0,0,1,6,229,NIL,NIL,NIL,193,NIL
7,0,1,18327311551074593736,2023-03-30 21:19:27.844340841,2023-03-30 21:19:27.844340841,2023-03-30 21:19:27.844340841,2023-03-30 21:19:27.844340841,11280,180,2023-03-30 21:19:32.320577831,2023-03-30 21:19:32.320577831,2023-03-30 21:19:32.320577831,2023-03-30 21:19:32.320577831,2023-03-30 21:20:27.215653457,2023-03-30 21:20:27.215653457,2023-03-30 21:20:27.215653457,2023-03-30 21:20:27.215653457,0,0,4,4,6,4960,100,2023-03-30 21:19:32.320577831,2023-03-30 21:19:32.320577831,2023-03-30 21:19:32.320577831,2023-03-30 21:19:32.320577831,2023-03-30 21:20:27.215653457,2023-03-30 21:20:27.215653457,2023-03-30 21:20:27.215653457,2023-03-30 21:20:27.215653457,4160,80,2023-03-30 21:19:32.321208391,2023-03-30 21:19:32.321208391,2023-03-30 21:19:32.321208391,2023-03-30 21:19:32.321208391,2023-03-30 21:20:27.175259071,2023-03-30 21:20:27.175259071,2023-03-30 21:20:27.175259071,2023-03-30 21:20:27.175259071,192.168.88.250,192.168.88.254,NIL,NIL,---AP---,---AP---,---AP---,50259,502,NIL,769,0,0,1,NIL,81,NIL,NIL,NIL,80,NIL
8,0,1,17732036128857544588,2023-03-30 21:19:27.844340841,2023-03-30 21:19:27.844340841,2023-03-30 21:19:27.844340841,2023-03-30 21:19:27.844340841,149,1,2023-03-30 21:20:24.395229509,2023-03-30 21:20:24.395229509,2023-03-30 21:20:24.395229509,2023-03-30 21:20:24.395229509,2023-03-30 21:20:24.395229509,2023-03-30 21:20:24.395229509,2023-03-30 21:20:24.395229509,2023-03-30 21:20:24.395229509,0,0,5,4,17,137,1,2023-03-30 21:20:24.395229509,2023-03-30 21:20:24.395229509,2023-03-30 21:20:24.395229509,2023-03-30 21:20:24.395229509,2023-03-30 21:20:24.395229509,2023-03-30 21:20:24.395229509,2023-03-30 21:20:24.395229509,2023-03-30 21:20:24.395229509,NIL,NIL,NIL,NIL,NIL,NIL,NIL,NIL,NIL,NIL,192.168.88.1,255.255.255.255,NIL,NIL,NIL,NIL,NIL,5678,5678,NIL,256,0,0,NIL,NIL,NIL,NIL,NIL,NIL,NIL,NIL
9,0,1,13920788356166867241,2023-03-30 21:19:27.844340841,2023-03-30 21:19:27.844340841,2023-03-30 21:19:27.844340841,2023-03-30 21:19:27.844340841,178,3,2023-03-30 21:20:25.656161186,2023-03-30 21:20:25.656161186,2023-03-30 21:20:25.656161186,2023-03-30 21:20:25.656161186,2023-03-30 21:20:25.699955731,2023-03-30 21:20:25.699955731,2023-03-30 21:20:25.699955731,2023-03-30 21:20:25.699955731,0,0,5,4,6,92,2,2023-03-30 21:20:25.656161186,2023-03-30 21:20:25.656161186,2023-03-30 21:20:25.656161186,2023-03-30 21:20:25.656161186,2023-03-30 21:20:25.699955731,2023-03-30 21:20:25.699955731,2023-03-30 21:20:25.699955731,2023-03-30 21:20:25.699955731,50,1,2023-03-30 21:20:25.656908411,2023-03-30 21:20:25.656908411,2023-03-30 21:20:25.656908411,2023-03-30 21:20:25.656908411,2023-03-30 21:20:25.656908411,2023-03-30 21:20:25.656908411,2023-03-30 21:20:25.656908411,2023-03-30 21:20:25.656908411,192.168.88.250,192.168.88.253,NIL,NIL,---AP---,---AP---,---AP---,50257,502,NIL,769,0,0,1,1,NIL,NIL,NIL,NIL,1,NIL
10,0,1,13920788356166867241,2023-03-30 21:19:27.844340841,2023-03-30 21:19:27.844340841,2023-03-30 21:19:27.844340841,2023-03-30 21:19:27.844340841,178,3,2023-03-30 21:20:38.341727755,2023-03-30 21:20:38.341727755,2023-03-30 21:20:38.341727755,2023-03-30 21:20:38.341727755,2023-03-30 21:20:38.383256479,2023-03-30 21:20:38.383256479,2023-03-30 21:20:38.383256479,2023-03-30 21:20:38.383256479,0,0,5,4,6,92,2,2023-03-30 21:20:38.341727755,2023-03-30 21:20:38.341727755,2023-03-30 21:20:38.341727755,2023-03-30 21:20:38.341727755,2023-03-30 21:20:38.383256479,2023-03-30 21:20:38.383256479,2023-03-30 21:20:38.383256479,2023-03-30 21:20:38.383256479,50,1,2023-03-30 21:20:38.342504427,2023-03-30 21:20:38.342504427,2023-03-30 21:20:38.342504427,2023-03-30 21:20:38.342504427,2023-03-30 21:20:38.342504427,2023-03-30 21:20:38.342504427,2023-03-30 21:20:38.342504427,2023-03-30 21:20:38.342504427,192.168.88.250,192.168.88.253,NIL,NIL,---AP---,---AP---,---AP---,50257,502,NIL,769,0,0,1,1,NIL,NIL,NIL,NIL,1,NIL
11,0,1,13920788356166867241,2023-03-30 21:19:27.844340841,2023-03-30 21:19:27.844340841,2023-03-30 21:19:27.844340841,2023-03-30 21:19:27.844340841,178,3,2023-03-30 21:20:51.014437990,2023-03-30 21:20:51.014437990,2023-03-30 21:20:51.014437990,2023-03-30 21:20:51.014437990,2023-03-30 21:20:51.055608735,2023-03-30 21:20:51.055608735,2023-03-30 21:20:51.055608735,2023-03-30 21:20:51.055608735,0,0,5,4,6,92,2,2023-03-30 21:20:51.014437990,2023-03-30 21:20:51.014437990,2023-03-30 21:20:51.014437990,2023-03-30 21:20:51.014437990,2023-03-30 21:20:51.055608735,2023-03-30 21:20:51.055608735,2023-03-30 21:20:51.055608735,2023-03-30 21:20:51.055608735,50,1,2023-03-30 21:20:51.015146936,2023-03-30 21:20:51.015146936,2023-03-30 21:20:51.015146936,2023-03-30 21:20:51.015146936,2023-03-30 21:20:51.015146936,2023-03-30 21:20:51.015146936,2023-03-30 21:20:51.015146936,2023-03-30 21:20:51.015146936,192.168.88.250,192.168.88.253,NIL,NIL,---AP---,---AP---,---AP---,50257,502,NIL,769,0,0,1,1,NIL,NIL,NIL,NIL,1,NIL
12,0,1,13920788356166867241,2023-03-30 21:19:27.844340841,2023-03-30 21:19:27.844340841,2023-03-30 21:19:27.844340841,2023-03-30 21:19:27.844340841,178,3,2023-03-30 21:21:03.698306006,2023-03-30 21:21:03.698306006,2023-03-30 21:21:03.698306006,2023-03-30 21:21:03.698306006,2023-03-30 21:21:03.739317970,2023-03-30 21:21:03.739317970,2023-03-30 21:21:03.739317970,2023-03-30 21:21:03.739317970,0,0,5,4,6,92,2,2023-03-30 21:21:03.698306006,2023-03-30 21:21:03.698306006,2023-03-30 21:21:03.698306006,2023-03-30 21:21:03.698306006,2023-03-30 21:21:03.739317970,2023-03-30 21:21:03.739317970,2023-03-30 21:21:03.739317970,2023-03-30 21:21:03.739317970,50,1,2023-03-30 21:21:03.699044267,2023-03-30 21:21:03.699044267,2023-03-30 21:21:03.699044267,2023-03-30 21:21:03.699044267,2023-03-30 21:21:03.699044267,2023-03-30 21:21:03.699044267,2023-03-30 21:21:03.699044267,2023-03-30 21:21:03.699044267,192.168.88.250,192.168.88.253,NIL,NIL,---AP---,---AP---,---AP---,50257,502,NIL,769,0,0,1,1,NIL,NIL,NIL,NIL,1,NIL
13,0,1,13920788356166867241,2023-03-30 21:19:27.844340841,2023-03-30 21:19:27.844340841,2023-03-30 21:19:27.844340841,2023-03-30 21:19:27.844340841,178,3,2023-03-30 21:21:16.373768265,2023-03-30 21:21:16.373768265,2023-03-30 21:21:16.373768265,2023-03-30 21:21:16.373768265,2023-03-30 21:21:16.415114103,2023-03-30 21:21:16.415114103,2023-03-30 21:21:16.415114103,2023-03-30 21:21:16.415114103,0,0,5,4,6,92,2,2023-03-30 21:21:16.373768265,2023-03-30 21:21:16.373768265,2023-03-30 21:21:16.373768265,2023-03-30 21:21:16.373768265,2023-03-30 21:21:16.415114103,2023-03-30 21:21:16.415114103,2023-03-30 21:21:16.415114103,2023-03-30 21:21:16.415114103,50,1,2023-03-30 21:21:16.374628454,2023-03-30 21:21:16.374628454,2023-03-30 21:21:16.374628454,2023-03-30 21:21:16.374628454,2023-03-30 21:21:16.374628454,2023-03-30 21:21:16.374628454,2023-03-30 21:21:16.374628454,2023-03-30 21:21:16.374628454,192.168.88.250,192.168.88.253,NIL,NIL,---AP---,---AP---,---AP---,50257,502,NIL,769,0,0,1,1,NIL,NIL,NIL,NIL,1,NIL
14,0,1,17087967661136001963,2023-03-30 21:19:27.844340841,2023-03-30 21:19:27.844340841,2023-03-30 21:19:27.844340841,2023-03-30 21:19:27.844340841,3360,60,2023-03-30 21:20:27.905022540,2023-03-30 21:20:27.905022540,2023-03-30 21:20:27.905022540,2023-03-30 21:20:27.905022540,2023-03-30 21:21:26.934602852,2023-03-30 21:21:26.934602852,2023-03-30 21:21:26.934602852,2023-03-30 21:21:26.934602852,0,0,4,4,17,2640,60,2023-03-30 21:20:27.905022540,2023-03-30 21:20:27.905022540,2023-03-30 21:20:27.905022540,2023-03-30 21:20:27.905022540,2023-03-30 21:21:26.934602852,2023-03-30 21:21:26.934602852,2023-03-30 21:21:26.934602852,2023-03-30 21:21:26.934602852,NIL,NIL,NIL,NIL,NIL,NIL,NIL,NIL,NIL,NIL,192.168.88.250,255.255.255.255,NIL,NIL,NIL,NIL,NIL,49667,21543,NIL,256,0,0,NIL,NIL,NIL,NIL,NIL,NIL,NIL,NIL
15,0,1,11273980985333914731,2023-03-30 21:19:27.844340841,2023-03-30 21:19:27.844340841,2023-03-30 21:19:27.844340841,2023-03-30 21:19:27.844340841,43586,726,2023-03-30 21:20:29.188525879,2023-03-30 21:20:29.188525879,2023-03-30 21:20:29.188525879,2023-03-30 21:20:29.188525879,2023-03-30 21:21:28.588638138,2023-03-30 21:21:28.588638138,2023-03-30 21:21:28.588638138,2023-03-30 21:21:28.588638138,0,0,4,4,6,14808,297,2023-03-30 21:20:29.188525879,2023-03-30 21:20:29.188525879,2023-03-30 21:20:29.188525879,2023-03-30 21:20:29.188525879,2023-03-30 21:21:28.588638138,2023-03-30 21:21:28.588638138,2023-03-30 21:21:28.588638138,2023-03-30 21:21:28.588638138,20066,429,2023-03-30 21:20:29.188868404,2023-03-30 21:20:29.188868404,2023-03-30 21:20:29.188868404,2023-03-30 21:20:29.188868404,2023-03-30 21:21:28.547317926,2023-03-30 21:21:28.547317926,2023-03-30 21:21:28.547317926,2023-03-30 21:21:28.547317926,192.168.88.250,192.168.88.252,NIL,NIL,---AP---,---AP---,---AP---,50256,502,NIL,769,0,0,1,6,238,NIL,NIL,NIL,197,NIL
16,0,1,17732036128857544588,2023-03-30 21:19:27.844340841,2023-03-30 21:19:27.844340841,2023-03-30 21:19:27.844340841,2023-03-30 21:19:27.844340841,149,1,2023-03-30 21:21:24.386673167,2023-03-30 21:21:24.386673167,2023-03-30 21:21:24.386673167,2023-03-30 21:21:24.386673167,2023-03-30 21:21:24.386673167,2023-03-30 21:21:24.386673167,2023-03-30 21:21:24.386673167,2023-03-30 21:21:24.386673167,0,0,5,4,17,137,1,2023-03-30 21:21:24.386673167,2023-03-30 21:21:24.386673167,2023-03-30 21:21:24.386673167,2023-03-30 21:21:24.386673167,2023-03-30 21:21:24.386673167,2023-03-30 21:21:24.386673167,2023-03-30 21:21:24.386673167,2023-03-30 21:21:24.386673167,NIL,NIL,NIL,NIL,NIL,NIL,NIL,NIL,NIL,NIL,192.168.88.1,255.255.255.255,NIL,NIL,NIL,NIL,NIL,5678,5678,NIL,256,0,0,NIL,NIL,NIL,NIL,NIL,NIL,NIL,NIL
17,0,1,18327311551074593736,2023-03-30 21:19:27.844340841,2023-03-30 21:19:27.844340841,2023-03-30 21:19:27.844340841,2023-03-30 21:19:27.844340841,11280,180,2023-03-30 21:20:35.730214799,2023-03-30 21:20:35.730214799,2023-03-30 21:20:35.730214799,2023-03-30 21:20:35.730214799,2023-03-30 21:21:30.604175723,2023-03-30 21:21:30.604175723,2023-03-30 21:21:30.604175723,2023-03-30 21:21:30.604175723,0,0,4,4,6,4960,100,2023-03-30 21:20:35.730214799,2023-03-30 21:20:35.730214799,2023-03-30 21:20:35.730214799,2023-03-30 21:20:35.730214799,2023-03-30 21:21:30.604175723,2023-03-30 21:21:30.604175723,2023-03-30 21:21:30.604175723,2023-03-30 21:21:30.604175723,4160,80,2023-03-30 21:20:35.730752766,2023-03-30 21:20:35.730752766,2023-03-30 21:20:35.730752766,2023-03-30 21:20:35.730752766,2023-03-30 21:21:30.564227141,2023-03-30 21:21:30.564227141,2023-03-30 21:21:30.564227141,2023-03-30 21:21:30.564227141,192.168.88.250,192.168.88.254,NIL,NIL,---AP---,---AP---,---AP---,50259,502,NIL,769,0,0,1,NIL,80,NIL,NIL,NIL,80,NIL
18,0,1,13920788356166867241,2023-03-30 21:19:27.844340841,2023-03-30 21:19:27.844340841,2023-03-30 21:19:27.844340841,2023-03-30 21:19:27.844340841,178,3,2023-03-30 21:21:29.048846430,2023-03-30 21:21:29.048846430,2023-03-30 21:21:29.048846430,2023-03-30 21:21:29.048846430,2023-03-30 21:21:29.089617198,2023-03-30 21:21:29.089617198,2023-03-30 21:21:29.089617198,2023-03-30 21:21:29.089617198,0,0,5,4,6,92,2,2023-03-30 21:21:29.048846430,2023-03-30 21:21:29.048846430,2023-03-30 21:21:29.048846430,2023-03-30 21:21:29.048846430,2023-03-30 21:21:29.089617198,2023-03-30 21:21:29.089617198,2023-03-30 21:21:29.089617198,2023-03-30 21:21:29.089617198,50,1,2023-03-30 21:21:29.049637136,2023-03-30 21:21:29.049637136,2023-03-30 21:21:29.049637136,2023-03-30 21:21:29.049637136,2023-03-30 21:21:29.049637136,2023-03-30 21:21:29.049637136,2023-03-30 21:21:29.049637136,2023-03-30 21:21:29.049637136,192.168.88.250,192.168.88.253,NIL,NIL,---AP---,---AP---,---AP---,50257,502,NIL,769,0,0,1,1,NIL,NIL,NIL,NIL,1,NIL
19,0,1,13920788356166867241,2023-03-30 21:19:27.844340841,2023-03-30 21:19:27.844340841,2023-03-30 21:19:27.844340841,2023-03-30 21:19:27.844340841,178,3,2023-03-30 21:21:41.731997105,2023-03-30 21:21:41.731997105,2023-03-30 21:21:41.731997105,2023-03-30 21:21:41.731997105,2023-03-30 21:21:41.772909452,2023-03-30 21:21:41.772909452,2023-03-30 21:21:41.772909452,2023-03-30 21:21:41.772909452,0,0,5,4,6,92,2,2023-03-30 21:21:41.731997105,2023-03-30 21:21:41.731997105,2023-03-30 21:21:41.731997105,2023-03-30 21:21:41.731997105,2023-03-30 21:21:41.772909452,2023-03-30 21:21:41.772909452,2023-03-30 21:21:41.772909452,2023-03-30 21:21:41.772909452,50,1,2023-03-30 21:21:41.732671866,2023-03-30 21:21:41.732671866,2023-03-30 21:21:41.732671866,2023-03-30 21:21:41.732671866,2023-03-30 21:21:41.732671866,2023-03-30 21:21:41.732671866,2023-03-30 21:21:41.732671866,2023-03-30 21:21:41.732671866,192.168.88.250,192.168.88.253,NIL,NIL,---AP---,---AP---,---AP---,50257,502,NIL,769,0,0,1,1,NIL,NIL,NIL,NIL,1,NIL
20,0,1,13920788356166867241,2023-03-30 21:19:27.844340841,2023-03-30 21:19:27.844340841,2023-03-30 21:19:27.844340841,2023-03-30 21:19:27.844340841,178,3,2023-03-30 21:21:54.425718863,2023-03-30 21:21:54.425718863,2023-03-30 21:21:54.425718863,2023-03-30 21:21:54.425718863,2023-03-30 21:21:54.466635987,2023-03-30 21:21:54.466635987,2023-03-30 21:21:54.466635987,2023-03-30 21:21:54.466635987,0,0,5,4,6,92,2,2023-03-30 21:21:54.425718863,2023-03-30 21:21:54.425718863,2023-03-30 21:21:54.425718863,2023-03-30 21:21:54.425718863,2023-03-30 21:21:54.466635987,2023-03-30 21:21:54.466635987,2023-03-30 21:21:54.466635987,2023-03-30 21:21:54.466635987,50,1,2023-03-30 21:21:54.426502921,2023-03-30 21:21:54.426502921,2023-03-30 21:21:54.426502921,2023-03-30 21:21:54.426502921,2023-03-30 21:21:54.426502921,2023-03-30 21:21:54.426502921,2023-03-30 21:21:54.426502921,2023-03-30 21:21:54.426502921,192.168.88.250,192.168.88.253,NIL,NIL,---AP---,---AP---,---AP---,50257,502,NIL,769,0,0,1,1,NIL,NIL,NIL,NIL,1,NIL
21,0,1,13920788356166867241,2023-03-30 21:19:27.844340841,2023-03-30 21:19:27.844340841,2023-03-30 21:19:27.844340841,2023-03-30 21:19:27.844340841,178,3,2023-03-30 21:22:07.112177958,2023-03-30 21:22:07.112177958,2023-03-30 21:22:07.112177958,2023-03-30 21:22:07.112177958,2023-03-30 21:22:07.153347818,2023-03-30 21:22:07.153347818,2023-03-30 21:22:07.153347818,2023-03-30 21:22:07.153347818,0,0,5,4,6,92,2,2023-03-30 21:22:07.112177958,2023-03-30 21:22:07.112177958,2023-03-30 21:22:07.112177958,2023-03-30 21:22:07.112177958,2023-03-30 21:22:07.153347818,2023-03-30 21:22:07.153347818,2023-03-30 21:22:07.153347818,2023-03-30 21:22:07.153347818,50,1,2023-03-30 21:22:07.112974714,2023-03-30 21:22:07.112974714,2023-03-30 21:22:07.112974714,2023-03-30 21:22:07.112974714,2023-03-30 21:22:07.112974714,2023-03-30 21:22:07.112974714,2023-03-30 21:22:07.112974714,2023-03-30 21:22:07.112974714,192.168.88.250,192.168.88.253,NIL,NIL,---AP---,---AP---,---AP---,50257,502,NIL,769,0,0,1,1,NIL,NIL,NIL,NIL,1,NIL
22,0,1,17087967661136001963,2023-03-30 21:19:27.844340841,2023-03-30 21:19:27.844340841,2023-03-30 21:19:27.844340841,2023-03-30 21:19:27.844340841,3360,60,2023-03-30 21:21:27.934757183,2023-03-30 21:21:27.934757183,2023-03-30 21:21:27.934757183,2023-03-30 21:21:27.934757183,2023-03-30 21:22:26.961781009,2023-03-30 21:22:26.961781009,2023-03-30 21:22:26.961781009,2023-03-30 21:22:26.961781009,0,0,4,4,17,2640,60,2023-03-30 21:21:27.934757183,2023-03-30 21:21:27.934757183,2023-03-30 21:21:27.934757183,2023-03-30 21:21:27.934757183,2023-03-30 21:22:26.961781009,2023-03-30 21:22:26.961781009,2023-03-30 21:22:26.961781009,2023-03-30 21:22:26.961781009,NIL,NIL,NIL,NIL,NIL,NIL,NIL,NIL,NIL,NIL,192.168.88.250,255.255.255.255,NIL,NIL,NIL,NIL,NIL,49667,21543,NIL,256,0,0,NIL,NIL,NIL,NIL,NIL,NIL,NIL,NIL
23,0,1,11273980985333914731,2023-03-30 21:19:27.844340841,2023-03-30 21:19:27.844340841,2023-03-30 21:19:27.844340841,2023-03-30 21:19:27.844340841,44396,739,2023-03-30 21:21:29.308417077,2023-03-30 21:21:29.308417077,2023-03-30 21:21:29.308417077,2023-03-30 21:21:29.308417077,2023-03-30 21:22:28.901166863,2023-03-30 21:22:28.901166863,2023-03-30 21:22:28.901166863,2023-03-30 21:22:28.901166863,0,0,4,4,6,15068,302,2023-03-30 21:21:29.308417077,2023-03-30 21:21:29.308417077,2023-03-30 21:21:29.308417077,2023-03-30 21:21:29.308417077,2023-03-30 21:22:28.901166863,2023-03-30 21:22:28.901166863,2023-03-30 21:22:28.901166863,2023-03-30 21:22:28.901166863,20460,437,2023-03-30 21:21:29.308906159,2023-03-30 21:21:29.308906159,2023-03-30 21:21:29.308906159,2023-03-30 21:21:29.308906159,2023-03-30 21:22:28.860807737,2023-03-30 21:22:28.860807737,2023-03-30 21:22:28.860807737,2023-03-30 21:22:28.860807737,192.168.88.250,192.168.88.252,NIL,NIL,---AP---,---AP---,---AP---,50256,502,NIL,769,0,0,1,4,245,NIL,NIL,NIL,200,NIL
24,0,1,13920788356166867241,2023-03-30 21:19:27.844340841,2023-03-30 21:19:27.844340841,2023-03-30 21:19:27.844340841,2023-03-30 21:19:27.844340841,178,3,2023-03-30 21:22:19.800017449,2023-03-30 21:22:19.800017449,2023-03-30 21:22:19.800017449,2023-03-30 21:22:19.800017449,2023-03-30 21:22:19.842571104,2023-03-30 21:22:19.842571104,2023-03-30 21:22:19.842571104,2023-03-30 21:22:19.842571104,0,0,5,4,6,92,2,2023-03-30 21:22:19.800017449,2023-03-30 21:22:19.800017449,2023-03-30 21:22:19.800017449,2023-03-30 21:22:19.800017449,2023-03-30 21:22:19.842571104,2023-03-30 21:22:19.842571104,2023-03-30 21:22:19.842571104,2023-03-30 21:22:19.842571104,50,1,2023-03-30 21:22:19.800778744,2023-03-30 21:22:19.800778744,2023-03-30 21:22:19.800778744,2023-03-30 21:22:19.800778744,2023-03-30 21:22:19.800778744,2023-03-30 21:22:19.800778744,2023-03-30 21:22:19.800778744,2023-03-30 21:22:19.800778744,192.168.88.250,192.168.88.253,NIL,NIL,---AP---,---AP---,---AP---,50257,502,NIL,769,0,0,1,1,NIL,NIL,NIL,NIL,1,NIL
25,0,1,17732036128857544588,2023-03-30 21:19:27.844340841,2023-03-30 21:19:27.844340841,2023-03-30 21:19:27.844340841,2023-03-30 21:19:27.844340841,149,1,2023-03-30 21:22:24.388811928,2023-03-30 21:22:24.388811928,2023-03-30 21:22:24.388811928,2023-03-30 21:22:24.388811928,2023-03-30 21:22:24.388811928,2023-03-30 21:22:24.388811928,2023-03-30 21:22:24.388811928,2023-03-30 21:22:24.388811928,0,0,5,4,17,137,1,2023-03-30 21:22:24.388811928,2023-03-30 21:22:24.388811928,2023-03-30 21:22:24.388811928,2023-03-30 21:22:24.388811928,2023-03-30 21:22:24.388811928,2023-03-30 21:22:24.388811928,2023-03-30 21:22:24.388811928,2023-03-30 21:22:24.388811928,NIL,NIL,NIL,NIL,NIL,NIL,NIL,NIL,NIL,NIL,192.168.88.1,255.255.255.255,NIL,NIL,NIL,NIL,NIL,5678,5678,NIL,256,0,0,NIL,NIL,NIL,NIL,NIL,NIL,NIL,NIL
26,0,1,18327311551074593736,2023-03-30 21:19:27.844340841,2023-03-30 21:19:27.844340841,2023-03-30 21:19:27.844340841,2023-03-30 21:19:27.844340841,11280,180,2023-03-30 21:21:39.116020963,2023-03-30 21:21:39.116020963,2023-03-30 21:21:39.116020963,2023-03-30 21:21:39.116020963,2023-03-30 21:22:34.025974201,2023-03-30 21:22:34.025974201,2023-03-30 21:22:34.025974201,2023-03-30 21:22:34.025974201,0,0,4,4,6,4960,100,2023-03-30 21:21:39.116020963,2023-03-30 21:21:39.116020963,2023-03-30 21:21:39.116020963,2023-03-30 21:21:39.116020963,2023-03-30 21:22:34.025974201,2023-03-30 21:22:34.025974201,2023-03-30 21:22:34.025974201,2023-03-30 21:22:34.025974201,4160,80,2023-03-30 21:21:39.116901866,2023-03-30 21:21:39.116901866,2023-03-30 21:21:39.116901866,2023-03-30 21:21:39.116901866,2023-03-30 21:22:33.985671542,2023-03-30 21:22:33.985671542,2023-03-30 21:22:33.985671542,2023-03-30 21:22:33.985671542,192.168.88.250,192.168.88.254,NIL,NIL,---AP---,---AP---,---AP---,50259,502,NIL,769,0,0,1,NIL,80,NIL,NIL,NIL,80,NIL
27,0,1,13920788356166867241,2023-03-30 21:19:27.844340841,2023-03-30 21:19:27.844340841,2023-03-30 21:19:27.844340841,2023-03-30 21:19:27.844340841,178,3,2023-03-30 21:22:32.471994305,2023-03-30 21:22:32.471994305,2023-03-30 21:22:32.471994305,2023-03-30 21:22:32.471994305,2023-03-30 21:22:32.512909871,2023-03-30 21:22:32.512909871,2023-03-30 21:22:32.512909871,2023-03-30 21:22:32.512909871,0,0,5,4,6,92,2,2023-03-30 21:22:32.471994305,2023-03-30 21:22:32.471994305,2023-03-30 21:22:32.471994305,2023-03-30 21:22:32.471994305,2023-03-30 21:22:32.512909871,2023-03-30 21:22:32.512909871,2023-03-30 21:22:32.512909871,2023-03-30 21:22:32.512909871,50,1,2023-03-30 21:22:32.472815714,2023-03-30 21:22:32.472815714,2023-03-30 21:22:32.472815714,2023-03-30 21:22:32.472815714,2023-03-30 21:22:32.472815714,2023-03-30 21:22:32.472815714,2023-03-30 21:22:32.472815714,2023-03-30 21:22:32.472815714,192.168.88.250,192.168.88.253,NIL,NIL,---AP---,---AP---,---AP---,50257,502,NIL,769,0,0,1,1,NIL,NIL,NIL,NIL,1,NIL
28,0,1,13920788356166867241,2023-03-30 21:19:27.844340841,2023-03-30 21:19:27.844340841,2023-03-30 21:19:27.844340841,2023-03-30 21:19:27.844340841,178,3,2023-03-30 21:22:45.145334677,2023-03-30 21:22:45.145334677,2023-03-30 21:22:45.145334677,2023-03-30 21:22:45.145334677,2023-03-30 21:22:45.186372382,2023-03-30 21:22:45.186372382,2023-03-30 21:22:45.186372382,2023-03-30 21:22:45.186372382,0,0,5,4,6,92,2,2023-03-30 21:22:45.145334677,2023-03-30 21:22:45.145334677,2023-03-30 21:22:45.145334677,2023-03-30 21:22:45.145334677,2023-03-30 21:22:45.186372382,2023-03-30 21:22:45.186372382,2023-03-30 21:22:45.186372382,2023-03-30 21:22:45.186372382,50,1,2023-03-30 21:22:45.146077893,2023-03-30 21:22:45.146077893,2023-03-30 21:22:45.146077893,2023-03-30 21:22:45.146077893,2023-03-30 21:22:45.146077893,2023-03-30 21:22:45.146077893,2023-03-30 21:22:45.146077893,2023-03-30 21:22:45.146077893,192.168.88.250,192.168.88.253,NIL,NIL,---AP---,---AP---,---AP---,50257,502,NIL,769,0,0,1,1,NIL,NIL,NIL,NIL,1,NIL
29,0,1,13920788356166867241,2023-03-30 21:19:27.844340841,2023-03-30 21:19:27.844340841,2023-03-30 21:19:27.844340841,2023-03-30 21:19:27.844340841,178,3,2023-03-30 21:22:57.828480288,2023-03-30 21:22:57.828480288,2023-03-30 21:22:57.828480288,2023-03-30 21:22:57.828480288,2023-03-30 21:22:57.869687765,2023-03-30 21:22:57.869687765,2023-03-30 21:22:57.869687765,2023-03-30 21:22:57.869687765,0,0,5,4,6,92,2,2023-03-30 21:22:57.828480288,2023-03-30 21:22:57.828480288,2023-03-30 21:22:57.828480288,2023-03-30 21:22:57.828480288,2023-03-30 21:22:57.869687765,2023-03-30 21:22:57.869687765,2023-03-30 21:22:57.869687765,2023-03-30 21:22:57.869687765,50,1,2023-03-30 21:22:57.829266213,2023-03-30 21:22:57.829266213,2023-03-30 21:22:57.829266213,2023-03-30 21:22:57.829266213,2023-03-30 21:22:57.829266213,2023-03-30 21:22:57.829266213,2023-03-30 21:22:57.829266213,2023-03-30 21:22:57.829266213,192.168.88.250,192.168.88.253,NIL,NIL,---AP---,---AP---,---AP---,50257,502,NIL,769,0,0,1,1,NIL,NIL,NIL,NIL,1,NIL
30,0,1,13920788356166867241,2023-03-30 21:19:27.844340841,2023-03-30 21:19:27.844340841,2023-03-30 21:19:27.844340841,2023-03-30 21:19:27.844340841,178,3,2023-03-30 21:23:10.514050027,2023-03-30 21:23:10.514050027,2023-03-30 21:23:10.514050027,2023-03-30 21:23:10.514050027,2023-03-30 21:23:10.555657585,2023-03-30 21:23:10.555657585,2023-03-30 21:23:10.555657585,2023-03-30 21:23:10.555657585,0,0,5,4,6,92,2,2023-03-30 21:23:10.514050027,2023-03-30 21:23:10.514050027,2023-03-30 21:23:10.514050027,2023-03-30 21:23:10.514050027,2023-03-30 21:23:10.555657585,2023-03-30 21:23:10.555657585,2023-03-30 21:23:10.555657585,2023-03-30 21:23:10.555657585,50,1,2023-03-30 21:23:10.514752315,2023-03-30 21:23:10.514752315,2023-03-30 21:23:10.514752315,2023-03-30 21:23:10.514752315,2023-03-30 21:23:10.514752315,2023-03-30 21:23:10.514752315,2023-03-30 21:23:10.514752315,2023-03-30 21:23:10.514752315,192.168.88.250,192.168.88.253,NIL,NIL,---AP---,---AP---,---AP---,50257,502,NIL,769,0,0,1,1,NIL,NIL,NIL,NIL,1,NIL
31,0,1,17087967661136001963,2023-03-30 21:19:27.844340841,2023-03-30 21:19:27.844340841,2023-03-30 21:19:27.844340841,2023-03-30 21:19:27.844340841,3360,60,2023-03-30 21:22:27.959916058,2023-03-30 21:22:27.959916058,2023-03-30 21:22:27.959916058,2023-03-30 21:22:27.959916058,2023-03-30 21:23:26.992405613,2023-03-30 21:23:26.992405613,2023-03-30 21:23:26.992405613,2023-03-30 21:23:26.992405613,0,0,4,4,17,2640,60,2023-03-30 21:22:27.959916058,2023-03-30 21:22:27.959916058,2023-03-30 21:22:27.959916058,2023-03-30 21:22:27.959916058,2023-03-30 21:23:26.992405613,2023-03-30 21:23:26.992405613,2023-03-30 21:23:26.992405613,2023-03-30 21:23:26.992405613,NIL,NIL,NIL,NIL,NIL,NIL,NIL,NIL,NIL,NIL,192.168.88.250,255.255.255.255,NIL,NIL,NIL,NIL,NIL,49667,21543,NIL,256,0,0,NIL,NIL,NIL,NIL,NIL,NIL,NIL,NIL
32,0,1,11273980985333914731,2023-03-30 21:19:27.844340841,2023-03-30 21:19:27.844340841,2023-03-30 21:19:27.844340841,2023-03-30 21:19:27.844340841,41506,689,2023-03-30 21:22:30.028485171,2023-03-30 21:22:30.028485171,2023-03-30 21:22:30.028485171,2023-03-30 21:22:30.028485171,2023-03-30 21:23:29.787448668,2023-03-30 21:23:29.787448668,2023-03-30 21:23:29.787448668,2023-03-30 21:23:29.787448668,0,0,4,4,6,14560,292,2023-03-30 21:22:30.028485171,2023-03-30 21:22:30.028485171,2023-03-30 21:22:30.028485171,2023-03-30 21:22:30.028485171,2023-03-30 21:23:29.787448668,2023-03-30 21:23:29.787448668,2023-03-30 21:23:29.787448668,2023-03-30 21:23:29.787448668,18678,397,2023-03-30 21:22:30.029020917,2023-03-30 21:22:30.029020917,2023-03-30 21:22:30.029020917,2023-03-30 21:22:30.029020917,2023-03-30 21:23:29.747293447,2023-03-30 21:23:29.747293447,2023-03-30 21:23:29.747293447,2023-03-30 21:23:29.747293447,192.168.88.250,192.168.88.252,NIL,NIL,---AP---,---AP---,---AP---,50256,502,NIL,769,0,0,1,11,229,NIL,NIL,NIL,193,NIL
33,0,1,17732036128857544588,2023-03-30 21:19:27.844340841,2023-03-30 21:19:27.844340841,2023-03-30 21:19:27.844340841,2023-03-30 21:19:27.844340841,149,1,2023-03-30 21:23:24.391586317,2023-03-30 21:23:24.391586317,2023-03-30 21:23:24.391586317,2023-03-30 21:23:24.391586317,2023-03-30 21:23:24.391586317,2023-03-30 21:23:24.391586317,2023-03-30 21:23:24.391586317,2023-03-30 21:23:24.391586317,0,0,5,4,17,137,1,2023-03-30 21:23:24.391586317,2023-03-30 21:23:24.391586317,2023-03-30 21:23:24.391586317,2023-03-30 21:23:24.391586317,2023-03-30 21:23:24.391586317,2023-03-30 21:23:24.391586317,2023-03-30 21:23:24.391586317,2023-03-30 21:23:24.391586317,NIL,NIL,NIL,NIL,NIL,NIL,NIL,NIL,NIL,NIL,192.168.88.1,255.255.255.255,NIL,NIL,NIL,NIL,NIL,5678,5678,NIL,256,0,0,NIL,NIL,NIL,NIL,NIL,NIL,NIL,NIL
34,0,1,13920788356166867241,2023-03-30 21:19:27.844340841,2023-03-30 21:19:27.844340841,2023-03-30 21:19:27.844340841,2023-03-30 21:19:27.844340841,178,3,2023-03-30 21:23:23.203463627,2023-03-30 21:23:23.203463627,2023-03-30 21:23:23.203463627,2023-03-30 21:23:23.203463627,2023-03-30 21:23:23.244168275,2023-03-30 21:23:23.244168275,2023-03-30 21:23:23.244168275,2023-03-30 21:23:23.244168275,0,0,5,4,6,92,2,2023-03-30 21:23:23.203463627,2023-03-30 21:23:23.203463627,2023-03-30 21:23:23.203463627,2023-03-30 21:23:23.203463627,2023-03-30 21:23:23.244168275,2023-03-30 21:23:23.244168275,2023-03-30 21:23:23.244168275,2023-03-30 21:23:23.244168275,50,1,2023-03-30 21:23:23.204245151,2023-03-30 21:23:23.204245151,2023-03-30 21:23:23.204245151,2023-03-30 21:23:23.204245151,2023-03-30 21:23:23.204245151,2023-03-30 21:23:23.204245151,2023-03-30 21:23:23.204245151,2023-03-30 21:23:23.204245151,192.168.88.250,192.168.88.253,NIL,NIL,---AP---,---AP---,---AP---,50257,502,NIL,769,0,0,1,1,NIL,NIL,NIL,NIL,1,NIL
35,0,1,18327311551074593736,2023-03-30 21:19:27.844340841,2023-03-30 21:19:27.844340841,2023-03-30 21:19:27.844340841,2023-03-30 21:19:27.844340841,11280,180,2023-03-30 21:22:42.533314916,2023-03-30 21:22:42.533314916,2023-03-30 21:22:42.533314916,2023-03-30 21:22:42.533314916,2023-03-30 21:23:37.435935003,2023-03-30 21:23:37.435935003,2023-03-30 21:23:37.435935003,2023-03-30 21:23:37.435935003,0,0,4,4,6,4960,100,2023-03-30 21:22:42.533314916,2023-03-30 21:22:42.533314916,2023-03-30 21:22:42.533314916,2023-03-30 21:22:42.533314916,2023-03-30 21:23:37.435935003,2023-03-30 21:23:37.435935003,2023-03-30 21:23:37.435935003,2023-03-30 21:23:37.435935003,4160,80,2023-03-30 21:22:42.534018568,2023-03-30 21:22:42.534018568,2023-03-30 21:22:42.534018568,2023-03-30 21:22:42.534018568,2023-03-30 21:23:37.396633410,2023-03-30 21:23:37.396633410,2023-03-30 21:23:37.396633410,2023-03-30 21:23:37.396633410,192.168.88.250,192.168.88.254,NIL,NIL,---AP---,---AP---,---AP---,50259,502,NIL,769,0,0,1,NIL,80,NIL,NIL,NIL,80,NIL
36,0,1,13920788356166867241,2023-03-30 21:19:27.844340841,2023-03-30 21:19:27.844340841,2023-03-30 21:19:27.844340841,2023-03-30 21:19:27.844340841,178,3,2023-03-30 21:23:35.881672059,2023-03-30 21:23:35.881672059,2023-03-30 21:23:35.881672059,2023-03-30 21:23:35.881672059,2023-03-30 21:23:35.923566655,2023-03-30 21:23:35.923566655,2023-03-30 21:23:35.923566655,2023-03-30 21:23:35.923566655,0,0,5,4,6,92,2,2023-03-30 21:23:35.881672059,2023-03-30 21:23:35.881672059,2023-03-30 21:23:35.881672059,2023-03-30 21:23:35.881672059,2023-03-30 21:23:35.923566655,2023-03-30 21:23:35.923566655,2023-03-30 21:23:35.923566655,2023-03-30 21:23:35.923566655,50,1,2023-03-30 21:23:35.882403101,2023-03-30 21:23:35.882403101,2023-03-30 21:23:35.882403101,2023-03-30 21:23:35.882403101,2023-03-30 21:23:35.882403101,2023-03-30 21:23:35.882403101,2023-03-30 21:23:35.882403101,2023-03-30 21:23:35.882403101,192.168.88.250,192.168.88.253,NIL,NIL,---AP---,---AP---,---AP---,50257,502,NIL,769,0,0,1,1,NIL,NIL,NIL,NIL,1,NIL
37,0,1,13920788356166867241,2023-03-30 21:19:27.844340841,2023-03-30 21:19:27.844340841,2023-03-30 21:19:27.844340841,2023-03-30 21:19:27.844340841,178,3,2023-03-30 21:23:48.564774681,2023-03-30 21:23:48.564774681,2023-03-30 21:23:48.564774681,2023-03-30 21:23:48.564774681,2023-03-30 21:23:48.605491371,2023-03-30 21:23:48.605491371,2023-03-30 21:23:48.605491371,2023-03-30 21:23:48.605491371,0,0,5,4,6,92,2,2023-03-30 21:23:48.564774681,2023-03-30 21:23:48.564774681,2023-03-30 21:23:48.564774681,2023-03-30 21:23:48.564774681,2023-03-30 21:23:48.605491371,2023-03-30 21:23:48.605491371,2023-03-30 21:23:48.605491371,2023-03-30 21:23:48.605491371,50,1,2023-03-30 21:23:48.565598087,2023-03-30 21:23:48.565598087,2023-03-30 21:23:48.565598087,2023-03-30 21:23:48.565598087,2023-03-30 21:23:48.565598087,2023-03-30 21:23:48.565598087,2023-03-30 21:23:48.565598087,2023-03-30 21:23:48.565598087,192.168.88.250,192.168.88.253,NIL,NIL,---AP---,---AP---,---AP---,50257,502,NIL,769,0,0,1,1,NIL,NIL,NIL,NIL,1,NIL
38,0,1,13920788356166867241,2023-03-30 21:19:27.844340841,2023-03-30 21:19:27.844340841,2023-03-30 21:19:27.844340841,2023-03-30 21:19:27.844340841,178,3,2023-03-30 21:24:01.250256949,2023-03-30 21:24:01.250256949,2023-03-30 21:24:01.250256949,2023-03-30 21:24:01.250256949,2023-03-30 21:24:01.292780604,2023-03-30 21:24:01.292780604,2023-03-30 21:24:01.292780604,2023-03-30 21:24:01.292780604,0,0,5,4,6,92,2,2023-03-30 21:24:01.250256949,2023-03-30 21:24:01.250256949,2023-03-30 21:24:01.250256949,2023-03-30 21:24:01.250256949,2023-03-30 21:24:01.292780604,2023-03-30 21:24:01.292780604,2023-03-30 21:24:01.292780604,2023-03-30 21:24:01.292780604,50,1,2023-03-30 21:24:01.251060904,2023-03-30 21:24:01.251060904,2023-03-30 21:24:01.251060904,2023-03-30 21:24:01.251060904,2023-03-30 21:24:01.251060904,2023-03-30 21:24:01.251060904,2023-03-30 21:24:01.251060904,2023-03-30 21:24:01.251060904,192.168.88.250,192.168.88.253,NIL,NIL,---AP---,---AP---,---AP---,50257,502,NIL,769,0,0,1,1,NIL,NIL,NIL,NIL,1,NIL
39,0,1,13920788356166867241,2023-03-30 21:19:27.844340841,2023-03-30 21:19:27.844340841,2023-03-30 21:19:27.844340841,2023-03-30 21:19:27.844340841,178,3,2023-03-30 21:24:13.926360539,2023-03-30 21:24:13.926360539,2023-03-30 21:24:13.926360539,2023-03-30 21:24:13.926360539,2023-03-30 21:24:13.967517392,2023-03-30 21:24:13.967517392,2023-03-30 21:24:13.967517392,2023-03-30 21:24:13.967517392,0,0,5,4,6,92,2,2023-03-30 21:24:13.926360539,2023-03-30 21:24:13.926360539,2023-03-30 21:24:13.926360539,2023-03-30 21:24:13.926360539,2023-03-30 21:24:13.967517392,2023-03-30 21:24:13.967517392,2023-03-30 21:24:13.967517392,2023-03-30 21:24:13.967517392,50,1,2023-03-30 21:24:13.927085493,2023-03-30 21:24:13.927085493,2023-03-30 21:24:13.927085493,2023-03-30 21:24:13.927085493,2023-03-30 21:24:13.927085493,2023-03-30 21:24:13.927085493,2023-03-30 21:24:13.927085493,2023-03-30 21:24:13.927085493,192.168.88.250,192.168.88.253,NIL,NIL,---AP---,---AP---,---AP---,50257,502,NIL,769,0,0,1,1,NIL,NIL,NIL,NIL,1,NIL
40,0,1,17087967661136001963,2023-03-30 21:19:27.844340841,2023-03-30 21:19:27.844340841,2023-03-30 21:19:27.844340841,2023-03-30 21:19:27.844340841,3360,60,2023-03-30 21:23:27.989958565,2023-03-30 21:23:27.989958565,2023-03-30 21:23:27.989958565,2023-03-30 21:23:27.989958565,2023-03-30 21:24:27.024716731,2023-03-30 21:24:27.024716731,2023-03-30 21:24:27.024716731,2023-03-30 21:24:27.024716731,0,0,4,4,17,2640,60,2023-03-30 21:23:27.989958565,2023-03-30 21:23:27.989958565,2023-03-30 21:23:27.989958565,2023-03-30 21:23:27.989958565,2023-03-30 21:24:27.024716731,2023-03-30 21:24:27.024716731,2023-03-30 21:24:27.024716731,2023-03-30 21:24:27.024716731,NIL,NIL,NIL,NIL,NIL,NIL,NIL,NIL,NIL,NIL,192.168.88.250,255.255.255.255,NIL,NIL,NIL,NIL,NIL,49667,21543,NIL,256,0,0,NIL,NIL,NIL,NIL,NIL,NIL,NIL,NIL
41,0,1,11273980985333914731,2023-03-30 21:19:27.844340841,2023-03-30 21:19:27.844340841,2023-03-30 21:19:27.844340841,2023-03-30 21:19:27.844340841,42058,698,2023-03-30 21:23:30.248333601,2023-03-30 21:23:30.248333601,2023-03-30 21:23:30.248333601,2023-03-30 21:23:30.248333601,2023-03-30 21:24:30.194204524,2023-03-30 21:24:30.194204524,2023-03-30 21:24:30.194204524,2023-03-30 21:24:30.194204524,0,0,4,4,6,14664,294,2023-03-30 21:23:30.248333601,2023-03-30 21:23:30.248333601,2023-03-30 21:23:30.248333601,2023-03-30 21:23:30.248333601,2023-03-30 21:24:30.194204524,2023-03-30 21:24:30.194204524,2023-03-30 21:24:30.194204524,2023-03-30 21:24:30.194204524,19018,404,2023-03-30 21:23:30.248590573,2023-03-30 21:23:30.248590573,2023-03-30 21:23:30.248590573,2023-03-30 21:23:30.248590573,2023-03-30 21:24:30.154737779,2023-03-30 21:24:30.154737779,2023-03-30 21:24:30.154737779,2023-03-30 21:24:30.154737779,192.168.88.250,192.168.88.252,NIL,NIL,---AP---,---AP---,---AP---,50256,502,NIL,769,0,0,1,9,233,NIL,NIL,NIL,193,NIL
42,0,1,17732036128857544588,2023-03-30 21:19:27.844340841,2023-03-30 21:19:27.844340841,2023-03-30 21:19:27.844340841,2023-03-30 21:19:27.844340841,149,1,2023-03-30 21:24:24.393129635,2023-03-30 21:24:24.393129635,2023-03-30 21:24:24.393129635,2023-03-30 21:24:24.393129635,2023-03-30 21:24:24.393129635,2023-03-30 21:24:24.393129635,2023-03-30 21:24:24.393129635,2023-03-30 21:24:24.393129635,0,0,5,4,17,137,1,2023-03-30 21:24:24.393129635,2023-03-30 21:24:24.393129635,2023-03-30 21:24:24.393129635,2023-03-30 21:24:24.393129635,2023-03-30 21:24:24.393129635,2023-03-30 21:24:24.393129635,2023-03-30 21:24:24.393129635,2023-03-30 21:24:24.393129635,NIL,NIL,NIL,NIL,NIL,NIL,NIL,NIL,NIL,NIL,192.168.88.1,255.255.255.255,NIL,NIL,NIL,NIL,NIL,5678,5678,NIL,256,0,0,NIL,NIL,NIL,NIL,NIL,NIL,NIL,NIL
43,0,1,13920788356166867241,2023-03-30 21:19:27.844340841,2023-03-30 21:19:27.844340841,2023-03-30 21:19:27.844340841,2023-03-30 21:19:27.844340841,178,3,2023-03-30 21:24:26.616834606,2023-03-30 21:24:26.616834606,2023-03-30 21:24:26.616834606,2023-03-30 21:24:26.616834606,2023-03-30 21:24:26.657865860,2023-03-30 21:24:26.657865860,2023-03-30 21:24:26.657865860,2023-03-30 21:24:26.657865860,0,0,5,4,6,92,2,2023-03-30 21:24:26.616834606,2023-03-30 21:24:26.616834606,2023-03-30 21:24:26.616834606,2023-03-30 21:24:26.616834606,2023-03-30 21:24:26.657865860,2023-03-30 21:24:26.657865860,2023-03-30 21:24:26.657865860,2023-03-30 21:24:26.657865860,50,1,2023-03-30 21:24:26.617717860,2023-03-30 21:24:26.617717860,2023-03-30 21:24:26.617717860,2023-03-30 21:24:26.617717860,2023-03-30 21:24:26.617717860,2023-03-30 21:24:26.617717860,2023-03-30 21:24:26.617717860,2023-03-30 21:24:26.617717860,192.168.88.250,192.168.88.253,NIL,NIL,---AP---,---AP---,---AP---,50257,502,NIL,769,0,0,1,1,NIL,NIL,NIL,NIL,1,NIL
44,0,1,18327311551074593736,2023-03-30 21:19:27.844340841,2023-03-30 21:19:27.844340841,2023-03-30 21:19:27.844340841,2023-03-30 21:19:27.844340841,11280,180,2023-03-30 21:23:45.953721328,2023-03-30 21:23:45.953721328,2023-03-30 21:23:45.953721328,2023-03-30 21:23:45.953721328,2023-03-30 21:24:40.867957376,2023-03-30 21:24:40.867957376,2023-03-30 21:24:40.867957376,2023-03-30 21:24:40.867957376,0,0,4,4,6,4960,100,2023-03-30 21:23:45.953721328,2023-03-30 21:23:45.953721328,2023-03-30 21:23:45.953721328,2023-03-30 21:23:45.953721328,2023-03-30 21:24:40.867957376,2023-03-30 21:24:40.867957376,2023-03-30 21:24:40.867957376,2023-03-30 21:24:40.867957376,4160,80,2023-03-30 21:23:45.954412088,2023-03-30 21:23:45.954412088,2023-03-30 21:23:45.954412088,2023-03-30 21:23:45.954412088,2023-03-30 21:24:40.827045657,2023-03-30 21:24:40.827045657,2023-03-30 21:24:40.827045657,2023-03-30 21:24:40.827045657,192.168.88.250,192.168.88.254,NIL,NIL,---AP---,---AP---,---AP---,50259,502,NIL,769,0,0,1,NIL,80,NIL,NIL,NIL,80,NIL
45,0,1,13920788356166867241,2023-03-30 21:19:27.844340841,2023-03-30 21:19:27.844340841,2023-03-30 21:19:27.844340841,2023-03-30 21:19:27.844340841,178,3,2023-03-30 21:24:39.309746390,2023-03-30 21:24:39.309746390,2023-03-30 21:24:39.309746390,2023-03-30 21:24:39.309746390,2023-03-30 21:24:39.350616022,2023-03-30 21:24:39.350616022,2023-03-30 21:24:39.350616022,2023-03-30 21:24:39.350616022,0,0,5,4,6,92,2,2023-03-30 21:24:39.309746390,2023-03-30 21:24:39.309746390,2023-03-30 21:24:39.309746390,2023-03-30 21:24:39.309746390,2023-03-30 21:24:39.350616022,2023-03-30 21:24:39.350616022,2023-03-30 21:24:39.350616022,2023-03-30 21:24:39.350616022,50,1,2023-03-30 21:24:39.310528335,2023-03-30 21:24:39.310528335,2023-03-30 21:24:39.310528335,2023-03-30 21:24:39.310528335,2023-03-30 21:24:39.310528335,2023-03-30 21:24:39.310528335,2023-03-30 21:24:39.310528335,2023-03-30 21:24:39.310528335,192.168.88.250,192.168.88.253,NIL,NIL,---AP---,---AP---,---AP---,50257,502,NIL,769,0,0,1,1,NIL,NIL,NIL,NIL,1,NIL
46,0,1,13920788356166867241,2023-03-30 21:19:27.844340841,2023-03-30 21:19:27.844340841,2023-03-30 21:19:27.844340841,2023-03-30 21:19:27.844340841,178,3,2023-03-30 21:24:51.991535934,2023-03-30 21:24:51.991535934,2023-03-30 21:24:51.991535934,2023-03-30 21:24:51.991535934,2023-03-30 21:24:52.033359999,2023-03-30 21:24:52.033359999,2023-03-30 21:24:52.033359999,2023-03-30 21:24:52.033359999,0,0,5,4,6,92,2,2023-03-30 21:24:51.991535934,2023-03-30 21:24:51.991535934,2023-03-30 21:24:51.991535934,2023-03-30 21:24:51.991535934,2023-03-30 21:24:52.033359999,2023-03-30 21:24:52.033359999,2023-03-30 21:24:52.033359999,2023-03-30 21:24:52.033359999,50,1,2023-03-30 21:24:51.992296392,2023-03-30 21:24:51.992296392,2023-03-30 21:24:51.992296392,2023-03-30 21:24:51.992296392,2023-03-30 21:24:51.992296392,2023-03-30 21:24:51.992296392,2023-03-30 21:24:51.992296392,2023-03-30 21:24:51.992296392,192.168.88.250,192.168.88.253,NIL,NIL,---AP---,---AP---,---AP---,50257,502,NIL,769,0,0,1,1,NIL,NIL,NIL,NIL,1,NIL
47,0,1,13920788356166867241,2023-03-30 21:19:27.844340841,2023-03-30 21:19:27.844340841,2023-03-30 21:19:27.844340841,2023-03-30 21:19:27.844340841,178,3,2023-03-30 21:25:04.667969299,2023-03-30 21:25:04.667969299,2023-03-30 21:25:04.667969299,2023-03-30 21:25:04.667969299,2023-03-30 21:25:04.709255683,2023-03-30 21:25:04.709255683,2023-03-30 21:25:04.709255683,2023-03-30 21:25:04.709255683,0,0,5,4,6,92,2,2023-03-30 21:25:04.667969299,2023-03-30 21:25:04.667969299,2023-03-30 21:25:04.667969299,2023-03-30 21:25:04.667969299,2023-03-30 21:25:04.709255683,2023-03-30 21:25:04.709255683,2023-03-30 21:25:04.709255683,2023-03-30 21:25:04.709255683,50,1,2023-03-30 21:25:04.668694591,2023-03-30 21:25:04.668694591,2023-03-30 21:25:04.668694591,2023-03-30 21:25:04.668694591,2023-03-30 21:25:04.668694591,2023-03-30 21:25:04.668694591,2023-03-30 21:25:04.668694591,2023-03-30 21:25:04.668694591,192.168.88.250,192.168.88.253,NIL,NIL,---AP---,---AP---,---AP---,50257,502,NIL,769,0,0,1,1,NIL,NIL,NIL,NIL,1,NIL
48,0,1,17087967661136001963,2023-03-30 21:19:27.844340841,2023-03-30 21:19:27.844340841,2023-03-30 21:19:27.844340841,2023-03-30 21:19:27.844340841,3360,60,2023-03-30 21:24:28.025464910,2023-03-30 21:24:28.025464910,2023-03-30 21:24:28.025464910,2023-03-30 21:24:28.025464910,2023-03-30 21:25:27.045101264,2023-03-30 21:25:27.045101264,2023-03-30 21:25:27.045101264,2023-03-30 21:25:27.045101264,0,0,4,4,17,2640,60,2023-03-30 21:24:28.025464910,2023-03-30 21:24:28.025464910,2023-03-30 21:24:28.025464910,2023-03-30 21:24:28.025464910,2023-03-30 21:25:27.045101264,2023-03-30 21:25:27.045101264,2023-03-30 21:25:27.045101264,2023-03-30 21:25:27.045101264,NIL,NIL,NIL,NIL,NIL,NIL,NIL,NIL,NIL,NIL,192.168.88.250,255.255.255.255,NIL,NIL,NIL,NIL,NIL,49667,21543,NIL,256,0,0,NIL,NIL,NIL,NIL,NIL,NIL,NIL,NIL
49,0,1,13920788356166867241,2023-03-30 21:19:27.844340841,2023-03-30 21:19:27.844340841,2023-03-30 21:19:27.844340841,2023-03-30 21:19:27.844340841,178,3,2023-03-30 21:25:17.347076646,2023-03-30 21:25:17.347076646,2023-03-30 21:25:17.347076646,2023-03-30 21:25:17.347076646,2023-03-30 21:25:17.391353824,2023-03-30 21:25:17.391353824,2023-03-30 21:25:17.391353824,2023-03-30 21:25:17.391353824,0,0,5,4,6,92,2,2023-03-30 21:25:17.347076646,2023-03-30 21:25:17.347076646,2023-03-30 21:25:17.347076646,2023-03-30 21:25:17.347076646,2023-03-30 21:25:17.391353824,2023-03-30 21:25:17.391353824,2023-03-30 21:25:17.391353824,2023-03-30 21:25:17.391353824,50,1,2023-03-30 21:25:17.347853318,2023-03-30 21:25:17.347853318,2023-03-30 21:25:17.347853318,2023-03-30 21:25:17.347853318,2023-03-30 21:25:17.347853318,2023-03-30 21:25:17.347853318,2023-03-30 21:25:17.347853318,2023-03-30 21:25:17.347853318,192.168.88.250,192.168.88.253,NIL,NIL,---AP---,---AP---,---AP---,50257,502,NIL,769,0,0,1,1,NIL,NIL,NIL,NIL,1,NIL
50,0,1,11273980985333914731,2023-03-30 21:19:27.844340841,2023-03-30 21:19:27.844340841,2023-03-30 21:19:27.844340841,2023-03-30 21:19:27.844340841,43186,719,2023-03-30 21:24:30.851229249,2023-03-30 21:24:30.851229249,2023-03-30 21:24:30.851229249,2023-03-30 21:24:30.851229249,2023-03-30 21:25:30.288760620,2023-03-30 21:25:30.288760620,2023-03-30 21:25:30.288760620,2023-03-30 21:25:30.288760620,0,0,4,4,6,14664,294,2023-03-30 21:24:30.851229249,2023-03-30 21:24:30.851229249,2023-03-30 21:24:30.851229249,2023-03-30 21:24:30.851229249,2023-03-30 21:25:30.288275741,2023-03-30 21:25:30.288275741,2023-03-30 21:25:30.288275741,2023-03-30 21:25:30.288275741,19894,425,2023-03-30 21:24:30.851760699,2023-03-30 21:24:30.851760699,2023-03-30 21:24:30.851760699,2023-03-30 21:24:30.851760699,2023-03-30 21:25:30.288760620,2023-03-30 21:25:30.288760620,2023-03-30 21:25:30.288760620,2023-03-30 21:25:30.288760620,192.168.88.250,192.168.88.252,NIL,NIL,---AP---,---AP---,---AP---,50256,502,NIL,769,0,0,1,5,237,NIL,NIL,NIL,193,NIL
51,0,1,17732036128857544588,2023-03-30 21:19:27.844340841,2023-03-30 21:19:27.844340841,2023-03-30 21:19:27.844340841,2023-03-30 21:19:27.844340841,149,1,2023-03-30 21:25:24.384555056,2023-03-30 21:25:24.384555056,2023-03-30 21:25:24.384555056,2023-03-30 21:25:24.384555056,2023-03-30 21:25:24.384555056,2023-03-30 21:25:24.384555056,2023-03-30 21:25:24.384555056,2023-03-30 21:25:24.384555056,0,0,5,4,17,137,1,2023-03-30 21:25:24.384555056,2023-03-30 21:25:24.384555056,2023-03-30 21:25:24.384555056,2023-03-30 21:25:24.384555056,2023-03-30 21:25:24.384555056,2023-03-30 21:25:24.384555056,2023-03-30 21:25:24.384555056,2023-03-30 21:25:24.384555056,NIL,NIL,NIL,NIL,NIL,NIL,NIL,NIL,NIL,NIL,192.168.88.1,255.255.255.255,NIL,NIL,NIL,NIL,NIL,5678,5678,NIL,256,0,0,NIL,NIL,NIL,NIL,NIL,NIL,NIL,NIL
52,0,1,13920788356166867241,2023-03-30 21:19:27.844340841,2023-03-30 21:19:27.844340841,2023-03-30 21:19:27.844340841,2023-03-30 21:19:27.844340841,178,3,2023-03-30 21:25:30.035806455,2023-03-30 21:25:30.035806455,2023-03-30 21:25:30.035806455,2023-03-30 21:25:30.035806455,2023-03-30 21:25:30.080548064,2023-03-30 21:25:30.080548064,2023-03-30 21:25:30.080548064,2023-03-30 21:25:30.080548064,0,0,5,4,6,92,2,2023-03-30 21:25:30.035806455,2023-03-30 21:25:30.035806455,2023-03-30 21:25:30.035806455,2023-03-30 21:25:30.035806455,2023-03-30 21:25:30.080548064,2023-03-30 21:25:30.080548064,2023-03-30 21:25:30.080548064,2023-03-30 21:25:30.080548064,50,1,2023-03-30 21:25:30.036573194,2023-03-30 21:25:30.036573194,2023-03-30 21:25:30.036573194,2023-03-30 21:25:30.036573194,2023-03-30 21:25:30.036573194,2023-03-30 21:25:30.036573194,2023-03-30 21:25:30.036573194,2023-03-30 21:25:30.036573194,192.168.88.250,192.168.88.253,NIL,NIL,---AP---,---AP---,---AP---,50257,502,NIL,769,0,0,1,1,NIL,NIL,NIL,NIL,1,NIL
53,0,1,18327311551074593736,2023-03-30 21:19:27.844340841,2023-03-30 21:19:27.844340841,2023-03-30 21:19:27.844340841,2023-03-30 21:19:27.844340841,11280,180,2023-03-30 21:24:49.373556398,2023-03-30 21:24:49.373556398,2023-03-30 21:24:49.373556398,2023-03-30 21:24:49.373556398,2023-03-30 21:25:44.483334381,2023-03-30 21:25:44.483334381,2023-03-30 21:25:44.483334381,2023-03-30 21:25:44.483334381,0,0,4,4,6,4960,100,2023-03-30 21:24:49.373556398,2023-03-30 21:24:49.373556398,2023-03-30 21:24:49.373556398,2023-03-30 21:24:49.373556398,2023-03-30 21:25:44.483334381,2023-03-30 21:25:44.483334381,2023-03-30 21:25:44.483334381,2023-03-30 21:25:44.483334381,4160,80,2023-03-30 21:24:49.374399081,2023-03-30 21:24:49.374399081,2023-03-30 21:24:49.374399081,2023-03-30 21:24:49.374399081,2023-03-30 21:25:44.443035782,2023-03-30 21:25:44.443035782,2023-03-30 21:25:44.443035782,2023-03-30 21:25:44.443035782,192.168.88.250,192.168.88.254,NIL,NIL,---AP---,---AP---,---AP---,50259,502,NIL,769,0,0,1,NIL,80,NIL,NIL,NIL,80,NIL
54,0,1,13920788356166867241,2023-03-30 21:19:27.844340841,2023-03-30 21:19:27.844340841,2023-03-30 21:19:27.844340841,2023-03-30 21:19:27.844340841,178,3,2023-03-30 21:25:42.924665352,2023-03-30 21:25:42.924665352,2023-03-30 21:25:42.924665352,2023-03-30 21:25:42.924665352,2023-03-30 21:25:42.965477136,2023-03-30 21:25:42.965477136,2023-03-30 21:25:42.965477136,2023-03-30 21:25:42.965477136,0,0,5,4,6,92,2,2023-03-30 21:25:42.924665352,2023-03-30 21:25:42.924665352,2023-03-30 21:25:42.924665352,2023-03-30 21:25:42.924665352,2023-03-30 21:25:42.965477136,2023-03-30 21:25:42.965477136,2023-03-30 21:25:42.965477136,2023-03-30 21:25:42.965477136,50,1,2023-03-30 21:25:42.925339321,2023-03-30 21:25:42.925339321,2023-03-30 21:25:42.925339321,2023-03-30 21:25:42.925339321,2023-03-30 21:25:42.925339321,2023-03-30 21:25:42.925339321,2023-03-30 21:25:42.925339321,2023-03-30 21:25:42.925339321,192.168.88.250,192.168.88.253,NIL,NIL,---AP---,---AP---,---AP---,50257,502,NIL,769,0,0,1,1,NIL,NIL,NIL,NIL,1,NIL
55,0,1,9800799607914553931,2023-03-30 21:19:27.844340841,2023-03-30 21:19:27.844340841,2023-03-30 21:19:27.844340841,2023-03-30 21:19:27.844340841,219,1,2023-03-30 21:25:51.231733866,2023-03-30 21:25:51.231733866,2023-03-30 21:25:51.231733866,2023-03-30 21:25:51.231733866,2023-03-30 21:25:51.231733866,2023-03-30 21:25:51.231733866,2023-03-30 21:25:51.231733866,2023-03-30 21:25:51.231733866,0,0,5,6,17,207,1,2023-03-30 21:25:51.231733866,2023-03-30 21:25:51.231733866,2023-03-30 21:25:51.231733866,2023-03-30 21:25:51.231733866,2023-03-30 21:25:51.231733866,2023-03-30 21:25:51.231733866,2023-03-30 21:25:51.231733866,2023-03-30 21:25:51.231733866,NIL,NIL,NIL,NIL,NIL,NIL,NIL,NIL,NIL,NIL,NIL,NIL,fe80::5068:6e82:cf19:ad52,ff02::fb,NIL,NIL,NIL,5353,5353,NIL,641,0,0,NIL,NIL,NIL,NIL,NIL,NIL,NIL,NIL
56,0,1,13920788356166867241,2023-03-30 21:19:27.844340841,2023-03-30 21:19:27.844340841,2023-03-30 21:19:27.844340841,2023-03-30 21:19:27.844340841,178,3,2023-03-30 21:25:55.612393564,2023-03-30 21:25:55.612393564,2023-03-30 21:25:55.612393564,2023-03-30 21:25:55.612393564,2023-03-30 21:25:55.653412612,2023-03-30 21:25:55.653412612,2023-03-30 21:25:55.653412612,2023-03-30 21:25:55.653412612,0,0,5,4,6,92,2,2023-03-30 21:25:55.612393564,2023-03-30 21:25:55.612393564,2023-03-30 21:25:55.612393564,2023-03-30 21:25:55.612393564,2023-03-30 21:25:55.653412612,2023-03-30 21:25:55.653412612,2023-03-30 21:25:55.653412612,2023-03-30 21:25:55.653412612,50,1,2023-03-30 21:25:55.613143818,2023-03-30 21:25:55.613143818,2023-03-30 21:25:55.613143818,2023-03-30 21:25:55.613143818,2023-03-30 21:25:55.613143818,2023-03-30 21:25:55.613143818,2023-03-30 21:25:55.613143818,2023-03-30 21:25:55.613143818,192.168.88.250,192.168.88.253,NIL,NIL,---AP---,---AP---,---AP---,50257,502,NIL,769,0,0,1,1,NIL,NIL,NIL,NIL,1,NIL
57,0,1,13920788356166867241,2023-03-30 21:19:27.844340841,2023-03-30 21:19:27.844340841,2023-03-30 21:19:27.844340841,2023-03-30 21:19:27.844340841,178,3,2023-03-30 21:26:08.300087589,2023-03-30 21:26:08.300087589,2023-03-30 21:26:08.300087589,2023-03-30 21:26:08.300087589,2023-03-30 21:26:08.342769721,2023-03-30 21:26:08.342769721,2023-03-30 21:26:08.342769721,2023-03-30 21:26:08.342769721,0,0,5,4,6,92,2,2023-03-30 21:26:08.300087589,2023-03-30 21:26:08.300087589,2023-03-30 21:26:08.300087589,2023-03-30 21:26:08.300087589,2023-03-30 21:26:08.342769721,2023-03-30 21:26:08.342769721,2023-03-30 21:26:08.342769721,2023-03-30 21:26:08.342769721,50,1,2023-03-30 21:26:08.300827168,2023-03-30 21:26:08.300827168,2023-03-30 21:26:08.300827168,2023-03-30 21:26:08.300827168,2023-03-30 21:26:08.300827168,2023-03-30 21:26:08.300827168,2023-03-30 21:26:08.300827168,2023-03-30 21:26:08.300827168,192.168.88.250,192.168.88.253,NIL,NIL,---AP---,---AP---,---AP---,50257,502,NIL,769,0,0,1,1,NIL,NIL,NIL,NIL,1,NIL
58,0,1,17087967661136001963,2023-03-30 21:19:27.844340841,2023-03-30 21:19:27.844340841,2023-03-30 21:19:27.844340841,2023-03-30 21:19:27.844340841,3360,60,2023-03-30 21:25:28.045146426,2023-03-30 21:25:28.045146426,2023-03-30 21:25:28.045146426,2023-03-30 21:25:28.045146426,2023-03-30 21:26:27.074402347,2023-03-30 21:26:27.074402347,2023-03-30 21:26:27.074402347,2023-03-30 21:26:27.074402347,0,0,4,4,17,2640,60,2023-03-30 21:25:28.045146426,2023-03-30 21:25:28.045146426,2023-03-30 21:25:28.045146426,2023-03-30 21:25:28.045146426,2023-03-30 21:26:27.074402347,2023-03-30 21:26:27.074402347,2023-03-30 21:26:27.074402347,2023-03-30 21:26:27.074402347,NIL,NIL,NIL,NIL,NIL,NIL,NIL,NIL,NIL,NIL,192.168.88.250,255.255.255.255,NIL,NIL,NIL,NIL,NIL,49667,21543,NIL,256,0,0,NIL,NIL,NIL,NIL,NIL,NIL,NIL,NIL
59,0,1,13920788356166867241,2023-03-30 21:19:27.844340841,2023-03-30 21:19:27.844340841,2023-03-30 21:19:27.844340841,2023-03-30 21:19:27.844340841,178,3,2023-03-30 21:26:20.973433248,2023-03-30 21:26:20.973433248,2023-03-30 21:26:20.973433248,2023-03-30 21:26:20.973433248,2023-03-30 21:26:21.014589079,2023-03-30 21:26:21.014589079,2023-03-30 21:26:21.014589079,2023-03-30 21:26:21.014589079,0,0,5,4,6,92,2,2023-03-30 21:26:20.973433248,2023-03-30 21:26:20.973433248,2023-03-30 21:26:20.973433248,2023-03-30 21:26:20.973433248,2023-03-30 21:26:21.014589079,2023-03-30 21:26:21.014589079,2023-03-30 21:26:21.014589079,2023-03-30 21:26:21.014589079,50,1,2023-03-30 21:26:20.974261522,2023-03-30 21:26:20.974261522,2023-03-30 21:26:20.974261522,2023-03-30 21:26:20.974261522,2023-03-30 21:26:20.974261522,2023-03-30 21:26:20.974261522,2023-03-30 21:26:20.974261522,2023-03-30 21:26:20.974261522,192.168.88.250,192.168.88.253,NIL,NIL,---AP---,---AP---,---AP---,50257,502,NIL,769,0,0,1,1,NIL,NIL,NIL,NIL,1,NIL
60,0,1,11273980985333914731,2023-03-30 21:19:27.844340841,2023-03-30 21:19:27.844340841,2023-03-30 21:19:27.844340841,2023-03-30 21:19:27.844340841,43980,731,2023-03-30 21:25:31.488438031,2023-03-30 21:25:31.488438031,2023-03-30 21:25:31.488438031,2023-03-30 21:25:31.488438031,2023-03-30 21:26:31.204380823,2023-03-30 21:26:31.204380823,2023-03-30 21:26:31.204380823,2023-03-30 21:26:31.204380823,0,0,4,4,6,15120,303,2023-03-30 21:25:31.488438031,2023-03-30 21:25:31.488438031,2023-03-30 21:25:31.488438031,2023-03-30 21:25:31.488438031,2023-03-30 21:26:31.203862450,2023-03-30 21:26:31.203862450,2023-03-30 21:26:31.203862450,2023-03-30 21:26:31.203862450,20088,428,2023-03-30 21:25:31.488947894,2023-03-30 21:25:31.488947894,2023-03-30 21:25:31.488947894,2023-03-30 21:25:31.488947894,2023-03-30 21:26:31.204380823,2023-03-30 21:26:31.204380823,2023-03-30 21:26:31.204380823,2023-03-30 21:26:31.204380823,192.168.88.250,192.168.88.252,NIL,NIL,---AP---,---AP---,---AP---,50256,502,NIL,769,0,0,1,8,242,NIL,NIL,NIL,200,NIL
61,0,1,17732036128857544588,2023-03-30 21:19:27.844340841,2023-03-30 21:19:27.844340841,2023-03-30 21:19:27.844340841,2023-03-30 21:19:27.844340841,149,1,2023-03-30 21:26:24.386619640,2023-03-30 21:26:24.386619640,2023-03-30 21:26:24.386619640,2023-03-30 21:26:24.386619640,2023-03-30 21:26:24.386619640,2023-03-30 21:26:24.386619640,2023-03-30 21:26:24.386619640,2023-03-30 21:26:24.386619640,0,0,5,4,17,137,1,2023-03-30 21:26:24.386619640,2023-03-30 21:26:24.386619640,2023-03-30 21:26:24.386619640,2023-03-30 21:26:24.386619640,2023-03-30 21:26:24.386619640,2023-03-30 21:26:24.386619640,2023-03-30 21:26:24.386619640,2023-03-30 21:26:24.386619640,NIL,NIL,NIL,NIL,NIL,NIL,NIL,NIL,NIL,NIL,192.168.88.1,255.255.255.255,NIL,NIL,NIL,NIL,NIL,5678,5678,NIL,256,0,0,NIL,NIL,NIL,NIL,NIL,NIL,NIL,NIL
62,0,1,13920788356166867241,2023-03-30 21:19:27.844340841,2023-03-30 21:19:27.844340841,2023-03-30 21:19:27.844340841,2023-03-30 21:19:27.844340841,178,3,2023-03-30 21:26:33.657995900,2023-03-30 21:26:33.657995900,2023-03-30 21:26:33.657995900,2023-03-30 21:26:33.657995900,2023-03-30 21:26:33.698943178,2023-03-30 21:26:33.698943178,2023-03-30 21:26:33.698943178,2023-03-30 21:26:33.698943178,0,0,5,4,6,92,2,2023-03-30 21:26:33.657995900,2023-03-30 21:26:33.657995900,2023-03-30 21:26:33.657995900,2023-03-30 21:26:33.657995900,2023-03-30 21:26:33.698943178,2023-03-30 21:26:33.698943178,2023-03-30 21:26:33.698943178,2023-03-30 21:26:33.698943178,50,1,2023-03-30 21:26:33.658712237,2023-03-30 21:26:33.658712237,2023-03-30 21:26:33.658712237,2023-03-30 21:26:33.658712237,2023-03-30 21:26:33.658712237,2023-03-30 21:26:33.658712237,2023-03-30 21:26:33.658712237,2023-03-30 21:26:33.658712237,192.168.88.250,192.168.88.253,NIL,NIL,---AP---,---AP---,---AP---,50257,502,NIL,769,0,0,1,1,NIL,NIL,NIL,NIL,1,NIL
63,0,1,18327311551074593736,2023-03-30 21:19:27.844340841,2023-03-30 21:19:27.844340841,2023-03-30 21:19:27.844340841,2023-03-30 21:19:27.844340841,11280,180,2023-03-30 21:25:52.996518677,2023-03-30 21:25:52.996518677,2023-03-30 21:25:52.996518677,2023-03-30 21:25:52.996518677,2023-03-30 21:26:47.895140436,2023-03-30 21:26:47.895140436,2023-03-30 21:26:47.895140436,2023-03-30 21:26:47.895140436,0,0,4,4,6,4960,100,2023-03-30 21:25:52.996518677,2023-03-30 21:25:52.996518677,2023-03-30 21:25:52.996518677,2023-03-30 21:25:52.996518677,2023-03-30 21:26:47.895140436,2023-03-30 21:26:47.895140436,2023-03-30 21:26:47.895140436,2023-03-30 21:26:47.895140436,4160,80,2023-03-30 21:25:52.997271113,2023-03-30 21:25:52.997271113,2023-03-30 21:25:52.997271113,2023-03-30 21:25:52.997271113,2023-03-30 21:26:47.854561392,2023-03-30 21:26:47.854561392,2023-03-30 21:26:47.854561392,2023-03-30 21:26:47.854561392,192.168.88.250,192.168.88.254,NIL,NIL,---AP---,---AP---,---AP---,50259,502,NIL,769,0,0,1,NIL,80,NIL,NIL,NIL,80,NIL
64,0,1,13920788356166867241,2023-03-30 21:19:27.844340841,2023-03-30 21:19:27.844340841,2023-03-30 21:19:27.844340841,2023-03-30 21:19:27.844340841,178,3,2023-03-30 21:26:46.337729772,2023-03-30 21:26:46.337729772,2023-03-30 21:26:46.337729772,2023-03-30 21:26:46.337729772,2023-03-30 21:26:46.378844848,2023-03-30 21:26:46.378844848,2023-03-30 21:26:46.378844848,2023-03-30 21:26:46.378844848,0,0,5,4,6,92,2,2023-03-30 21:26:46.337729772,2023-03-30 21:26:46.337729772,2023-03-30 21:26:46.337729772,2023-03-30 21:26:46.337729772,2023-03-30 21:26:46.378844848,2023-03-30 21:26:46.378844848,2023-03-30 21:26:46.378844848,2023-03-30 21:26:46.378844848,50,1,2023-03-30 21:26:46.338442121,2023-03-30 21:26:46.338442121,2023-03-30 21:26:46.338442121,2023-03-30 21:26:46.338442121,2023-03-30 21:26:46.338442121,2023-03-30 21:26:46.338442121,2023-03-30 21:26:46.338442121,2023-03-30 21:26:46.338442121,192.168.88.250,192.168.88.253,NIL,NIL,---AP---,---AP---,---AP---,50257,502,NIL,769,0,0,1,1,NIL,NIL,NIL,NIL,1,NIL
65,0,1,13920788356166867241,2023-03-30 21:19:27.844340841,2023-03-30 21:19:27.844340841,2023-03-30 21:19:27.844340841,2023-03-30 21:19:27.844340841,178,3,2023-03-30 21:26:59.021753924,2023-03-30 21:26:59.021753924,2023-03-30 21:26:59.021753924,2023-03-30 21:26:59.021753924,2023-03-30 21:26:59.064179649,2023-03-30 21:26:59.064179649,2023-03-30 21:26:59.064179649,2023-03-30 21:26:59.064179649,0,0,5,4,6,92,2,2023-03-30 21:26:59.021753924,2023-03-30 21:26:59.021753924,2023-03-30 21:26:59.021753924,2023-03-30 21:26:59.021753924,2023-03-30 21:26:59.064179649,2023-03-30 21:26:59.064179649,2023-03-30 21:26:59.064179649,2023-03-30 21:26:59.064179649,50,1,2023-03-30 21:26:59.022403115,2023-03-30 21:26:59.022403115,2023-03-30 21:26:59.022403115,2023-03-30 21:26:59.022403115,2023-03-30 21:26:59.022403115,2023-03-30 21:26:59.022403115,2023-03-30 21:26:59.022403115,2023-03-30 21:26:59.022403115,192.168.88.250,192.168.88.253,NIL,NIL,---AP---,---AP---,---AP---,50257,502,NIL,769,0,0,1,1,NIL,NIL,NIL,NIL,1,NIL
66,0,1,13920788356166867241,2023-03-30 21:19:27.844340841,2023-03-30 21:19:27.844340841,2023-03-30 21:19:27.844340841,2023-03-30 21:19:27.844340841,178,3,2023-03-30 21:27:11.701485739,2023-03-30 21:27:11.701485739,2023-03-30 21:27:11.701485739,2023-03-30 21:27:11.701485739,2023-03-30 21:27:11.743188087,2023-03-30 21:27:11.743188087,2023-03-30 21:27:11.743188087,2023-03-30 21:27:11.743188087,0,0,5,4,6,92,2,2023-03-30 21:27:11.701485739,2023-03-30 21:27:11.701485739,2023-03-30 21:27:11.701485739,2023-03-30 21:27:11.701485739,2023-03-30 21:27:11.743188087,2023-03-30 21:27:11.743188087,2023-03-30 21:27:11.743188087,2023-03-30 21:27:11.743188087,50,1,2023-03-30 21:27:11.702251192,2023-03-30 21:27:11.702251192,2023-03-30 21:27:11.702251192,2023-03-30 21:27:11.702251192,2023-03-30 21:27:11.702251192,2023-03-30 21:27:11.702251192,2023-03-30 21:27:11.702251192,2023-03-30 21:27:11.702251192,192.168.88.250,192.168.88.253,NIL,NIL,---AP---,---AP---,---AP---,50257,502,NIL,769,0,0,1,1,NIL,NIL,NIL,NIL,1,NIL
67,0,1,17087967661136001963,2023-03-30 21:19:27.844340841,2023-03-30 21:19:27.844340841,2023-03-30 21:19:27.844340841,2023-03-30 21:19:27.844340841,3360,60,2023-03-30 21:26:28.074629651,2023-03-30 21:26:28.074629651,2023-03-30 21:26:28.074629651,2023-03-30 21:26:28.074629651,2023-03-30 21:27:27.095662061,2023-03-30 21:27:27.095662061,2023-03-30 21:27:27.095662061,2023-03-30 21:27:27.095662061,0,0,4,4,17,2640,60,2023-03-30 21:26:28.074629651,2023-03-30 21:26:28.074629651,2023-03-30 21:26:28.074629651,2023-03-30 21:26:28.074629651,2023-03-30 21:27:27.095662061,2023-03-30 21:27:27.095662061,2023-03-30 21:27:27.095662061,2023-03-30 21:27:27.095662061,NIL,NIL,NIL,NIL,NIL,NIL,NIL,NIL,NIL,NIL,192.168.88.250,255.255.255.255,NIL,NIL,NIL,NIL,NIL,49667,21543,NIL,256,0,0,NIL,NIL,NIL,NIL,NIL,NIL,NIL,NIL
68,0,1,11273980985333914731,2023-03-30 21:19:27.844340841,2023-03-30 21:19:27.844340841,2023-03-30 21:19:27.844340841,2023-03-30 21:19:27.844340841,43170,718,2023-03-30 21:26:32.148555988,2023-03-30 21:26:32.148555988,2023-03-30 21:26:32.148555988,2023-03-30 21:26:32.148555988,2023-03-30 21:27:31.479871253,2023-03-30 21:27:31.479871253,2023-03-30 21:27:31.479871253,2023-03-30 21:27:31.479871253,0,0,4,4,6,14808,297,2023-03-30 21:26:32.148555988,2023-03-30 21:26:32.148555988,2023-03-30 21:26:32.148555988,2023-03-30 21:26:32.148555988,2023-03-30 21:27:31.479871253,2023-03-30 21:27:31.479871253,2023-03-30 21:27:31.479871253,2023-03-30 21:27:31.479871253,19746,421,2023-03-30 21:26:32.148913571,2023-03-30 21:26:32.148913571,2023-03-30 21:26:32.148913571,2023-03-30 21:26:32.148913571,2023-03-30 21:27:31.439546109,2023-03-30 21:27:31.439546109,2023-03-30 21:27:31.439546109,2023-03-30 21:27:31.439546109,192.168.88.250,192.168.88.252,NIL,NIL,---AP---,---AP---,---AP---,50256,502,NIL,769,0,0,1,8,236,NIL,NIL,NIL,197,NIL
69,0,1,17732036128857544588,2023-03-30 21:19:27.844340841,2023-03-30 21:19:27.844340841,2023-03-30 21:19:27.844340841,2023-03-30 21:19:27.844340841,149,1,2023-03-30 21:27:24.387142890,2023-03-30 21:27:24.387142890,2023-03-30 21:27:24.387142890,2023-03-30 21:27:24.387142890,2023-03-30 21:27:24.387142890,2023-03-30 21:27:24.387142890,2023-03-30 21:27:24.387142890,2023-03-30 21:27:24.387142890,0,0,5,4,17,137,1,2023-03-30 21:27:24.387142890,2023-03-30 21:27:24.387142890,2023-03-30 21:27:24.387142890,2023-03-30 21:27:24.387142890,2023-03-30 21:27:24.387142890,2023-03-30 21:27:24.387142890,2023-03-30 21:27:24.387142890,2023-03-30 21:27:24.387142890,NIL,NIL,NIL,NIL,NIL,NIL,NIL,NIL,NIL,NIL,192.168.88.1,255.255.255.255,NIL,NIL,NIL,NIL,NIL,5678,5678,NIL,256,0,0,NIL,NIL,NIL,NIL,NIL,NIL,NIL,NIL
70,0,1,13920788356166867241,2023-03-30 21:19:27.844340841,2023-03-30 21:19:27.844340841,2023-03-30 21:19:27.844340841,2023-03-30 21:19:27.844340841,178,3,2023-03-30 21:27:24.379500512,2023-03-30 21:27:24.379500512,2023-03-30 21:27:24.379500512,2023-03-30 21:27:24.379500512,2023-03-30 21:27:24.421642163,2023-03-30 21:27:24.421642163,2023-03-30 21:27:24.421642163,2023-03-30 21:27:24.421642163,0,0,5,4,6,92,2,2023-03-30 21:27:24.379500512,2023-03-30 21:27:24.379500512,2023-03-30 21:27:24.379500512,2023-03-30 21:27:24.379500512,2023-03-30 21:27:24.421642163,2023-03-30 21:27:24.421642163,2023-03-30 21:27:24.421642163,2023-03-30 21:27:24.421642163,50,1,2023-03-30 21:27:24.380274075,2023-03-30 21:27:24.380274075,2023-03-30 21:27:24.380274075,2023-03-30 21:27:24.380274075,2023-03-30 21:27:24.380274075,2023-03-30 21:27:24.380274075,2023-03-30 21:27:24.380274075,2023-03-30 21:27:24.380274075,192.168.88.250,192.168.88.253,NIL,NIL,---AP---,---AP---,---AP---,50257,502,NIL,769,0,0,1,1,NIL,NIL,NIL,NIL,1,NIL
71,0,1,13920788356166867241,2023-03-30 21:19:27.844340841,2023-03-30 21:19:27.844340841,2023-03-30 21:19:27.844340841,2023-03-30 21:19:27.844340841,178,3,2023-03-30 21:27:37.060871034,2023-03-30 21:27:37.060871034,2023-03-30 21:27:37.060871034,2023-03-30 21:27:37.060871034,2023-03-30 21:27:37.103845589,2023-03-30 21:27:37.103845589,2023-03-30 21:27:37.103845589,2023-03-30 21:27:37.103845589,0,0,5,4,6,92,2,2023-03-30 21:27:37.060871034,2023-03-30 21:27:37.060871034,2023-03-30 21:27:37.060871034,2023-03-30 21:27:37.060871034,2023-03-30 21:27:37.103845589,2023-03-30 21:27:37.103845589,2023-03-30 21:27:37.103845589,2023-03-30 21:27:37.103845589,50,1,2023-03-30 21:27:37.061375078,2023-03-30 21:27:37.061375078,2023-03-30 21:27:37.061375078,2023-03-30 21:27:37.061375078,2023-03-30 21:27:37.061375078,2023-03-30 21:27:37.061375078,2023-03-30 21:27:37.061375078,2023-03-30 21:27:37.061375078,192.168.88.250,192.168.88.253,NIL,NIL,---AP---,---AP---,---AP---,50257,502,NIL,769,0,0,1,1,NIL,NIL,NIL,NIL,1,NIL
72,0,1,18327311551074593736,2023-03-30 21:19:27.844340841,2023-03-30 21:19:27.844340841,2023-03-30 21:19:27.844340841,2023-03-30 21:19:27.844340841,11280,180,2023-03-30 21:26:56.410050182,2023-03-30 21:26:56.410050182,2023-03-30 21:26:56.410050182,2023-03-30 21:26:56.410050182,2023-03-30 21:27:51.516022928,2023-03-30 21:27:51.516022928,2023-03-30 21:27:51.516022928,2023-03-30 21:27:51.516022928,0,0,4,4,6,4960,100,2023-03-30 21:26:56.410050182,2023-03-30 21:26:56.410050182,2023-03-30 21:26:56.410050182,2023-03-30 21:26:56.410050182,2023-03-30 21:27:51.516022928,2023-03-30 21:27:51.516022928,2023-03-30 21:27:51.516022928,2023-03-30 21:27:51.516022928,4160,80,2023-03-30 21:26:56.410815981,2023-03-30 21:26:56.410815981,2023-03-30 21:26:56.410815981,2023-03-30 21:26:56.410815981,2023-03-30 21:27:51.475765897,2023-03-30 21:27:51.475765897,2023-03-30 21:27:51.475765897,2023-03-30 21:27:51.475765897,192.168.88.250,192.168.88.254,NIL,NIL,---AP---,---AP---,---AP---,50259,502,NIL,769,0,0,1,NIL,80,NIL,NIL,NIL,80,NIL
73,0,1,13920788356166867241,2023-03-30 21:19:27.844340841,2023-03-30 21:19:27.844340841,2023-03-30 21:19:27.844340841,2023-03-30 21:19:27.844340841,178,3,2023-03-30 21:27:49.961131529,2023-03-30 21:27:49.961131529,2023-03-30 21:27:49.961131529,2023-03-30 21:27:49.961131529,2023-03-30 21:27:50.002072192,2023-03-30 21:27:50.002072192,2023-03-30 21:27:50.002072192,2023-03-30 21:27:50.002072192,0,0,5,4,6,92,2,2023-03-30 21:27:49.961131529,2023-03-30 21:27:49.961131529,2023-03-30 21:27:49.961131529,2023-03-30 21:27:49.961131529,2023-03-30 21:27:50.002072192,2023-03-30 21:27:50.002072192,2023-03-30 21:27:50.002072192,2023-03-30 21:27:50.002072192,50,1,2023-03-30 21:27:49.961905622,2023-03-30 21:27:49.961905622,2023-03-30 21:27:49.961905622,2023-03-30 21:27:49.961905622,2023-03-30 21:27:49.961905622,2023-03-30 21:27:49.961905622,2023-03-30 21:27:49.961905622,2023-03-30 21:27:49.961905622,192.168.88.250,192.168.88.253,NIL,NIL,---AP---,---AP---,---AP---,50257,502,NIL,769,0,0,1,1,NIL,NIL,NIL,NIL,1,NIL
74,0,1,10927999869382910536,2023-03-30 21:19:27.844340841,2023-03-30 21:19:27.844340841,2023-03-30 21:19:27.844340841,2023-03-30 21:19:27.844340841,256,1,2023-03-30 21:27:59.385779361,2023-03-30 21:27:59.385779361,2023-03-30 21:27:59.385779361,2023-03-30 21:27:59.385779361,2023-03-30 21:27:59.385779361,2023-03-30 21:27:59.385779361,2023-03-30 21:27:59.385779361,2023-03-30 21:27:59.385779361,0,0,5,4,17,244,1,2023-03-30 21:27:59.385779361,2023-03-30 21:27:59.385779361,2023-03-30 21:27:59.385779361,2023-03-30 21:27:59.385779361,2023-03-30 21:27:59.385779361,2023-03-30 21:27:59.385779361,2023-03-30 21:27:59.385779361,2023-03-30 21:27:59.385779361,NIL,NIL,NIL,NIL,NIL,NIL,NIL,NIL,NIL,NIL,192.168.88.250,192.168.88.255,NIL,NIL,NIL,NIL,NIL,138,138,NIL,256,0,0,NIL,NIL,NIL,NIL,NIL,NIL,NIL,NIL
75,0,1,13920788356166867241,2023-03-30 21:19:27.844340841,2023-03-30 21:19:27.844340841,2023-03-30 21:19:27.844340841,2023-03-30 21:19:27.844340841,178,3,2023-03-30 21:28:02.634239702,2023-03-30 21:28:02.634239702,2023-03-30 21:28:02.634239702,2023-03-30 21:28:02.634239702,2023-03-30 21:28:02.675416066,2023-03-30 21:28:02.675416066,2023-03-30 21:28:02.675416066,2023-03-30 21:28:02.675416066,0,0,5,4,6,92,2,2023-03-30 21:28:02.634239702,2023-03-30 21:28:02.634239702,2023-03-30 21:28:02.634239702,2023-03-30 21:28:02.634239702,2023-03-30 21:28:02.675416066,2023-03-30 21:28:02.675416066,2023-03-30 21:28:02.675416066,2023-03-30 21:28:02.675416066,50,1,2023-03-30 21:28:02.635026050,2023-03-30 21:28:02.635026050,2023-03-30 21:28:02.635026050,2023-03-30 21:28:02.635026050,2023-03-30 21:28:02.635026050,2023-03-30 21:28:02.635026050,2023-03-30 21:28:02.635026050,2023-03-30 21:28:02.635026050,192.168.88.250,192.168.88.253,NIL,NIL,---AP---,---AP---,---AP---,50257,502,NIL,769,0,0,1,1,NIL,NIL,NIL,NIL,1,NIL
76,0,1,13920788356166867241,2023-03-30 21:19:27.844340841,2023-03-30 21:19:27.844340841,2023-03-30 21:19:27.844340841,2023-03-30 21:19:27.844340841,178,3,2023-03-30 21:28:15.309176913,2023-03-30 21:28:15.309176913,2023-03-30 21:28:15.309176913,2023-03-30 21:28:15.309176913,2023-03-30 21:28:15.350125516,2023-03-30 21:28:15.350125516,2023-03-30 21:28:15.350125516,2023-03-30 21:28:15.350125516,0,0,5,4,6,92,2,2023-03-30 21:28:15.309176913,2023-03-30 21:28:15.309176913,2023-03-30 21:28:15.309176913,2023-03-30 21:28:15.309176913,2023-03-30 21:28:15.350125516,2023-03-30 21:28:15.350125516,2023-03-30 21:28:15.350125516,2023-03-30 21:28:15.350125516,50,1,2023-03-30 21:28:15.309882875,2023-03-30 21:28:15.309882875,2023-03-30 21:28:15.309882875,2023-03-30 21:28:15.309882875,2023-03-30 21:28:15.309882875,2023-03-30 21:28:15.309882875,2023-03-30 21:28:15.309882875,2023-03-30 21:28:15.309882875,192.168.88.250,192.168.88.253,NIL,NIL,---AP---,---AP---,---AP---,50257,502,NIL,769,0,0,1,1,NIL,NIL,NIL,NIL,1,NIL
77,0,1,17087967661136001963,2023-03-30 21:19:27.844340841,2023-03-30 21:19:27.844340841,2023-03-30 21:19:27.844340841,2023-03-30 21:19:27.844340841,3360,60,2023-03-30 21:27:28.095836549,2023-03-30 21:27:28.095836549,2023-03-30 21:27:28.095836549,2023-03-30 21:27:28.095836549,2023-03-30 21:28:27.127764451,2023-03-30 21:28:27.127764451,2023-03-30 21:28:27.127764451,2023-03-30 21:28:27.127764451,0,0,4,4,17,2640,60,2023-03-30 21:27:28.095836549,2023-03-30 21:27:28.095836549,2023-03-30 21:27:28.095836549,2023-03-30 21:27:28.095836549,2023-03-30 21:28:27.127764451,2023-03-30 21:28:27.127764451,2023-03-30 21:28:27.127764451,2023-03-30 21:28:27.127764451,NIL,NIL,NIL,NIL,NIL,NIL,NIL,NIL,NIL,NIL,192.168.88.250,255.255.255.255,NIL,NIL,NIL,NIL,NIL,49667,21543,NIL,256,0,0,NIL,NIL,NIL,NIL,NIL,NIL,NIL,NIL
78,0,1,11273980985333914731,2023-03-30 21:19:27.844340841,2023-03-30 21:19:27.844340841,2023-03-30 21:19:27.844340841,2023-03-30 21:19:27.844340841,42334,704,2023-03-30 21:27:32.331445264,2023-03-30 21:27:32.331445264,2023-03-30 21:27:32.331445264,2023-03-30 21:27:32.331445264,2023-03-30 21:28:32.064417107,2023-03-30 21:28:32.064417107,2023-03-30 21:28:32.064417107,2023-03-30 21:28:32.064417107,0,0,4,4,6,14468,290,2023-03-30 21:27:32.331445264,2023-03-30 21:27:32.331445264,2023-03-30 21:27:32.331445264,2023-03-30 21:27:32.331445264,2023-03-30 21:28:32.063937603,2023-03-30 21:28:32.063937603,2023-03-30 21:28:32.063937603,2023-03-30 21:28:32.063937603,19418,414,2023-03-30 21:27:32.331893314,2023-03-30 21:27:32.331893314,2023-03-30 21:27:32.331893314,2023-03-30 21:27:32.331893314,2023-03-30 21:28:32.064417107,2023-03-30 21:28:32.064417107,2023-03-30 21:28:32.064417107,2023-03-30 21:28:32.064417107,192.168.88.250,192.168.88.252,NIL,NIL,---AP---,---AP---,---AP---,50256,502,NIL,769,0,0,1,8,231,NIL,NIL,NIL,189,NIL
79,0,1,17732036128857544588,2023-03-30 21:19:27.844340841,2023-03-30 21:19:27.844340841,2023-03-30 21:19:27.844340841,2023-03-30 21:19:27.844340841,149,1,2023-03-30 21:28:24.388945386,2023-03-30 21:28:24.388945386,2023-03-30 21:28:24.388945386,2023-03-30 21:28:24.388945386,2023-03-30 21:28:24.388945386,2023-03-30 21:28:24.388945386,2023-03-30 21:28:24.388945386,2023-03-30 21:28:24.388945386,0,0,5,4,17,137,1,2023-03-30 21:28:24.388945386,2023-03-30 21:28:24.388945386,2023-03-30 21:28:24.388945386,2023-03-30 21:28:24.388945386,2023-03-30 21:28:24.388945386,2023-03-30 21:28:24.388945386,2023-03-30 21:28:24.388945386,2023-03-30 21:28:24.388945386,NIL,NIL,NIL,NIL,NIL,NIL,NIL,NIL,NIL,NIL,192.168.88.1,255.255.255.255,NIL,NIL,NIL,NIL,NIL,5678,5678,NIL,256,0,0,NIL,NIL,NIL,NIL,NIL,NIL,NIL,NIL
80,0,1,11273980985333914731,2023-03-30 21:19:27.844340841,2023-03-30 21:19:27.844340841,2023-03-30 21:19:27.844340841,2023-03-30 21:19:27.844340841,5272,88,2023-03-30 21:28:32.529152265,2023-03-30 21:28:32.529152265,2023-03-30 21:28:32.529152265,2023-03-30 21:28:32.529152265,2023-03-30 21:28:38.065578943,2023-03-30 21:28:38.065578943,2023-03-30 21:28:38.065578943,2023-03-30 21:28:38.065578943,0,0,7,4,6,1748,35,2023-03-30 21:28:32.529152265,2023-03-30 21:28:32.529152265,2023-03-30 21:28:32.529152265,2023-03-30 21:28:32.529152265,2023-03-30 21:28:38.065033312,2023-03-30 21:28:38.065033312,2023-03-30 21:28:38.065033312,2023-03-30 21:28:38.065033312,2468,53,2023-03-30 21:28:32.529529606,2023-03-30 21:28:32.529529606,2023-03-30 21:28:32.529529606,2023-03-30 21:28:32.529529606,2023-03-30 21:28:38.065578943,2023-03-30 21:28:38.065578943,2023-03-30 21:28:38.065578943,2023-03-30 21:28:38.065578943,192.168.88.250,192.168.88.252,NIL,NIL,---AP---,---AP---,---AP---,50256,502,NIL,769,0,0,1,NIL,28,NIL,NIL,NIL,24,NIL
81,0,1,13920788356166867241,2023-03-30 21:19:27.844340841,2023-03-30 21:19:27.844340841,2023-03-30 21:19:27.844340841,2023-03-30 21:19:27.844340841,178,3,2023-03-30 21:28:27.992233169,2023-03-30 21:28:27.992233169,2023-03-30 21:28:27.992233169,2023-03-30 21:28:27.992233169,2023-03-30 21:28:28.033057209,2023-03-30 21:28:28.033057209,2023-03-30 21:28:28.033057209,2023-03-30 21:28:28.033057209,0,0,7,4,6,92,2,2023-03-30 21:28:27.992233169,2023-03-30 21:28:27.992233169,2023-03-30 21:28:27.992233169,2023-03-30 21:28:27.992233169,2023-03-30 21:28:28.033057209,2023-03-30 21:28:28.033057209,2023-03-30 21:28:28.033057209,2023-03-30 21:28:28.033057209,50,1,2023-03-30 21:28:27.993010396,2023-03-30 21:28:27.993010396,2023-03-30 21:28:27.993010396,2023-03-30 21:28:27.993010396,2023-03-30 21:28:27.993010396,2023-03-30 21:28:27.993010396,2023-03-30 21:28:27.993010396,2023-03-30 21:28:27.993010396,192.168.88.250,192.168.88.253,NIL,NIL,---AP---,---AP---,---AP---,50257,502,NIL,769,0,0,1,1,NIL,NIL,NIL,NIL,1,NIL
82,0,1,18327311551074593736,2023-03-30 21:19:27.844340841,2023-03-30 21:19:27.844340841,2023-03-30 21:19:27.844340841,2023-03-30 21:19:27.844340841,7332,117,2023-03-30 21:28:00.022638892,2023-03-30 21:28:00.022638892,2023-03-30 21:28:00.022638892,2023-03-30 21:28:00.022638892,2023-03-30 21:28:38.128323935,2023-03-30 21:28:38.128323935,2023-03-30 21:28:38.128323935,2023-03-30 21:28:38.128323935,0,0,7,4,6,3224,65,2023-03-30 21:28:00.022638892,2023-03-30 21:28:00.022638892,2023-03-30 21:28:00.022638892,2023-03-30 21:28:00.022638892,2023-03-30 21:28:38.128323935,2023-03-30 21:28:38.128323935,2023-03-30 21:28:38.128323935,2023-03-30 21:28:38.128323935,2704,52,2023-03-30 21:28:00.023308005,2023-03-30 21:28:00.023308005,2023-03-30 21:28:00.023308005,2023-03-30 21:28:00.023308005,2023-03-30 21:28:38.088336815,2023-03-30 21:28:38.088336815,2023-03-30 21:28:38.088336815,2023-03-30 21:28:38.088336815,192.168.88.250,192.168.88.254,NIL,NIL,---AP---,---AP---,---AP---,50259,502,NIL,769,0,0,1,NIL,51,NIL,NIL,NIL,52,NIL
83,0,1,17087967661136001963,2023-03-30 21:19:27.844340841,2023-03-30 21:19:27.844340841,2023-03-30 21:19:27.844340841,2023-03-30 21:19:27.844340841,616,11,2023-03-30 21:28:28.129288587,2023-03-30 21:28:28.129288587,2023-03-30 21:28:28.129288587,2023-03-30 21:28:28.129288587,2023-03-30 21:28:38.133818653,2023-03-30 21:28:38.133818653,2023-03-30 21:28:38.133818653,2023-03-30 21:28:38.133818653,0,0,7,4,17,484,11,2023-03-30 21:28:28.129288587,2023-03-30 21:28:28.129288587,2023-03-30 21:28:28.129288587,2023-03-30 21:28:28.129288587,2023-03-30 21:28:38.133818653,2023-03-30 21:28:38.133818653,2023-03-30 21:28:38.133818653,2023-03-30 21:28:38.133818653,NIL,NIL,NIL,NIL,NIL,NIL,NIL,NIL,NIL,NIL,192.168.88.250,255.255.255.255,NIL,NIL,NIL,NIL,NIL,49667,21543,NIL,256,0,0,NIL,NIL,NIL,NIL,NIL,NIL,NIL,NIL
